question_id,source_hotpot_id,subtype,gold_doc_id,gold_title,gold_sentence,anchor_value,current_question,final_question,status,notes,llm_verdict,llm_attempts,deterministic_issues,verifier_reason,generator_model,verifier_model
ex_title_cand_0001,5ae14cfe55429920d52343bf,title_anchor,doc_apollo_creed_1417ad5f58,Apollo Creed,"Apollo Creed is a fictional character from the ""Rocky"" films, initially portrayed as the undisputed heavyweight champion of the world.",Apollo Creed,"In the ""Apollo Creed"" document, what evidence helps answer: Carl Weathers portrayed the character that held what title in the Rocky films?","In the ""Apollo Creed"" document, what title did the character portrayed by Carl Weathers hold in the Rocky films?",accepted,,accept,1,,The question is answerable from the gold sentence and matches the subtype.,Qwen/Qwen3-235B-A22B-Instruct-2507,meta-llama/Llama-3.3-70B-Instruct-Turbo
ex_title_cand_0002,5ae09c3c5542993d6555ebb9,title_anchor,doc_the_hudson_independent_ad831bd22e,The Hudson Independent,"The Hudson Independent is a monthly newspaper serving the Westchester communities of Tarrytown, Sleepy Hollow, Irvington, Greenburgh, Scarborough, and Ardsley.",The Hudson Independent,"In the ""The Hudson Independent"" document, what evidence helps answer: The Hudson Independent is a monthly newspaper that serves what village in the town of Greenburgh that had a population of 11,277 at the 2010 census?","In the ""The Hudson Independent"" document, what village in the town of Greenburgh is served by the monthly newspaper?",accepted,,accept,1,,The question is answerable from the gold sentence and matches the subtype.,Qwen/Qwen3-235B-A22B-Instruct-2507,meta-llama/Llama-3.3-70B-Instruct-Turbo
ex_title_cand_0003,5ae84a685542997ec272779a,title_anchor,doc_krista_detor_30ad95fad3,Krista Detor,Krista Detor is a singer-songwriter and pianist from Indiana whose music has been featured on NPR and with Mike Harding on the BBC.,Krista Detor,"In the ""Krista Detor"" document, what evidence helps answer: Krista Detor''s music has been featured on the BBC with a singer known as what?","In the ""Krista Detor"" document, what is the name of the BBC presenter who featured Krista Detor's music?",accepted,,accept,1,,The question is answerable from the gold sentence and matches the subtype.,Qwen/Qwen3-235B-A22B-Instruct-2507,meta-llama/Llama-3.3-70B-Instruct-Turbo
ex_title_cand_0004,5ac3bbc6554299391541390f,title_anchor,doc_and_justice_for_all_album_af1d4f608e,...And Justice for All (album)," It was the band's first studio album to feature bassist Jason Newsted after the death of Cliff Burton in 1986. """,...And Justice for All (album),"In the ""...And Justice for All (album)"" document, what evidence helps answer: ...And Justice for All is a studio album from Metallican that was the first to feature the bassist who was also part of which other bands?","In the ""...And Justice for All (album)"" document, what is the name of the bassist who first appeared on this Metallica studio album following the death of Cliff Burton?",accepted,,accept,1,,The question is answerable from the gold sentence and matches the subtype.,Qwen/Qwen3-235B-A22B-Instruct-2507,meta-llama/Llama-3.3-70B-Instruct-Turbo
ex_title_cand_0005,5ae3097255429928c42395b7,title_anchor,doc_kurt_fearnley_94e53fd1b1,Kurt Fearnley,"Kurt Harry Fearnley, OAM (born 23 March 1981) is an Australian wheelchair racer, who has won gold medals at the Paralympic Games and 'crawled' the Kokoda Track.",Kurt Fearnley,"In the ""Kurt Fearnley"" document, what evidence helps answer: Andrew Dawes coached what wheelchair racer in 2012 to the London Paralympics?","In the ""Kurt Fearnley"" document, what is the full name of the Australian wheelchair racer who won gold medals at the Paralympic Games and crawled the Kokoda Track?",accepted,,accept,1,,The question is answerable from the gold sentence and matches the subtype.,Qwen/Qwen3-235B-A22B-Instruct-2507,meta-llama/Llama-3.3-70B-Instruct-Turbo
ex_title_cand_0006,5a8999d95542993b751ca957,title_anchor,doc_nelson_demille_9ffe40f2d7,Nelson DeMille,"Nelson Richard DeMille (born August 23, 1943) is an American author of action adventure and suspense novels.",Nelson DeMille,"In the ""Nelson DeMille"" document, what evidence helps answer: Which of the following is a writer whose work includes ""Plum Island"": Charles de Lint or Nelson DeMille?","In the ""Nelson DeMille"" document, what is the full name and profession of the author associated with the novel ""Plum Island""?",accepted,,accept,1,,The question is answerable from the gold sentence and matches the subtype.,Qwen/Qwen3-235B-A22B-Instruct-2507,meta-llama/Llama-3.3-70B-Instruct-Turbo
ex_title_cand_0007,5adf89ea5542992d7e9f9391,title_anchor,doc_dunes_hotel_and_casino_60b02354a8,Dunes (hotel and casino)," Designed by architect Maxwell Starkman, it was the tenth resort to open on the Strip.",Dunes (hotel and casino),"In the ""Dunes (hotel and casino)"" document, what evidence helps answer: Who designed the hotel at which Rouvaun appeared as the lead singer in the review Casino De Paris ?","In the ""Dunes (hotel and casino)"" document, what is the name of the architect who designed the resort?",accepted,,accept,2,,The question is answerable from the gold sentence and matches the subtype.,Qwen/Qwen3-235B-A22B-Instruct-2507,meta-llama/Llama-3.3-70B-Instruct-Turbo
ex_title_cand_0008,5aba796855429955dce3ee4f,title_anchor,doc_mark_shuttleworth_6b34f43ffb,Mark Shuttleworth," In 2002, he became the first citizen of an independent African country to travel to space as a space tourist.",Mark Shuttleworth,"In the ""Mark Shuttleworth"" document, what evidence helps answer: Both have travelled in space but which has completed more Space Shuttle missions: Jean-François Clervoy or Mark Shuttleworth?","In the ""Mark Shuttleworth"" document, did Mark Shuttleworth complete any Space Shuttle missions?",needs_review,valid question,accept,3,,valid question,Qwen/Qwen3-235B-A22B-Instruct-2507,meta-llama/Llama-3.3-70B-Instruct-Turbo
ex_title_cand_0009,5adceff95542992c1e3a24c4,title_anchor,doc_frederick_the_great_3d81601b9c,Frederick the Great,Frederick was the last titled King in Prussia and declared himself King of Prussia after achieving full sovereignty for all historical Prussian lands.,Frederick the Great,"In the ""Frederick the Great"" document, what evidence helps answer: The King who lead the Prussians in the Battle of Chotusitz was know to be the last what?","In the ""Frederick the Great"" document, what title did Frederick hold as the last ruler before declaring himself King of Prussia?",accepted,,accept,1,,The question is answerable from the gold sentence and matches the subtype.,Qwen/Qwen3-235B-A22B-Instruct-2507,meta-llama/Llama-3.3-70B-Instruct-Turbo
ex_title_cand_0010,5ae7bd445542994a481bbdca,title_anchor,doc_the_marathon_mixtape_62122f466a,The Marathon (mixtape),The Marathon is the fifth official mixtape by American rapper Nipsey Hussle.,The Marathon (mixtape),"In the ""The Marathon (mixtape)"" document, what evidence helps answer: The Marathon is a mixtape by a rapper whose recodings inlcude one called what in which which rapper Jay-Z, bought 100 copies for $100 each?","In the ""The Marathon (mixtape)"" document, what is the name of the mixtape by American rapper Nipsey Hussle?",accepted,,accept,1,,matches subtype and uses required anchor,Qwen/Qwen3-235B-A22B-Instruct-2507,meta-llama/Llama-3.3-70B-Instruct-Turbo
ex_title_cand_0011,5addd5ef5542990dbb2f7ea2,title_anchor,doc_recluse_spider_c9db7a8f0e,Recluse spider," Recluse spiders are now identified as members of the family Sicariidae, having formerly been placed in their own family, the Loxoscelidae.",Recluse spider,"In the ""Recluse spider"" document, what evidence helps answer: Loxosceles deserta is a spider that is now a member of what family?","In the ""Recluse spider"" document, what family are recluse spiders now identified as members of?",accepted,,accept,1,,The question is answerable from the gold sentence and matches the subtype.,Qwen/Qwen3-235B-A22B-Instruct-2507,meta-llama/Llama-3.3-70B-Instruct-Turbo
ex_title_cand_0012,5adfdac155429925eb1afac2,title_anchor,doc_black_madam_5783201cf2,Black Madam," Windslowe has reportedly also performed buttocks injections on a large number of celebrity clients including Amber Rose and ""a lot of girls from VH1"".",Black Madam,"In the ""Black Madam"" document, what evidence helps answer: Black Madam reportedly performed buttocks injections on which American model and actress?","In the ""Black Madam"" document, what American model and actress reportedly received buttocks injections from Black Madam?",accepted,,accept,1,,The question is answerable from the gold sentence and matches the subtype.,Qwen/Qwen3-235B-A22B-Instruct-2507,meta-llama/Llama-3.3-70B-Instruct-Turbo
ex_title_cand_0013,5ac26f735542992f1f2b38c7,title_anchor,doc_heaven_s_a_lie_fd39e3e35d,Heaven's a Lie," In an interview with HighWireDaze.com, leading vocalist Cristina Scabbia explained the meaning of the song; the word ""heaven"" is a metaphor for a ""perfect life"".",Heaven's a Lie,"In the ""Heaven's a Lie"" document, what evidence helps answer: What is the nationality of the leading vocalist who explained the meaning of ""Heaven's a Lie"" in an interview with HighWireDaze.com?","In the ""Heaven's a Lie"" document, what is the name of the leading vocalist who explained the meaning of the song in an interview with HighWireDaze.com?",accepted,,accept,1,,The question is answerable from the gold sentence and matches the subtype.,Qwen/Qwen3-235B-A22B-Instruct-2507,meta-llama/Llama-3.3-70B-Instruct-Turbo
ex_title_cand_0014,5a8034d9554299485f59858b,title_anchor,doc_nada_surf_b39c500d30,Nada Surf,"Nada Surf is an American alternative rock band which currently consists of Matthew Caws (guitar, vocals), Ira Elliot (drums), Doug Gillard (guitar) and Daniel Lorca (bass, backing vocals).",Nada Surf,"In the ""Nada Surf"" document, what evidence helps answer: Which rock group has more members, State Radio or Nada Surf?","In the ""Nada Surf"" document, what is the full lineup of band members currently in Nada Surf?",accepted,,accept,1,,The question is answerable from the gold sentence and matches the subtype.,Qwen/Qwen3-235B-A22B-Instruct-2507,meta-llama/Llama-3.3-70B-Instruct-Turbo
ex_title_cand_0015,5a847a8a5542992ef85e2412,title_anchor,doc_killer_pad_b6020a4c8a,Killer Pad,"Killer Pad is a 2008 comedy/horror film directed by Robert Englund and starring Daniel Franzese, Eric Jungmann and Shane McRae.",Killer Pad,"In the ""Killer Pad"" document, what evidence helps answer: Killer Pad is a 2008 comedy/horror film directed by Robert Englund, best known for playing the infamous serial killer Freddy Krueger in what film series?","In the ""Killer Pad"" document, what is the name of the 2008 comedy/horror film directed by Robert Englund and starring Daniel Franzese, Eric Jungmann, and Shane McRae?",accepted,,accept,1,,The question directly references the title and is answerable from the gold sentence.,Qwen/Qwen3-235B-A22B-Instruct-2507,meta-llama/Llama-3.3-70B-Instruct-Turbo
ex_title_cand_0016,5ae3fed25542991a06ce9a46,title_anchor,doc_bahria_university_a8d71e774a,Bahria University,"Bahria University (Urdu: ‎ ) or BU, is a public research university primarily located in Islamabad, Pakistan.",Bahria University,"In the ""Bahria University"" document, what evidence helps answer: Which University, Bahria University and TU Wien, has multiple campuses and kept it's original name?","In the ""Bahria University"" document, what is the location of Bahria University?",accepted,,accept,1,,The question is answerable from the gold sentence and matches the subtype.,Qwen/Qwen3-235B-A22B-Instruct-2507,meta-llama/Llama-3.3-70B-Instruct-Turbo
ex_title_cand_0017,5a78acf05542990784727729,title_anchor,doc_sahil_vaid_22fd85d979,Sahil Vaid,"Sahil Vaid is an Indian actor popularly known for movies like Bittoo Boss, Humpty Sharma Ki Dulhania and Badrinath Ki Dulhania",Sahil Vaid,"In the ""Sahil Vaid"" document, what evidence helps answer: Sahil Vaid appeared in a movie franchise that began with which movie?","In the ""Sahil Vaid"" document, what was the first movie in the franchise that Sahil Vaid appeared in?",accepted,,accept,1,,The question is answerable from the gold sentence and matches the subtype.,Qwen/Qwen3-235B-A22B-Instruct-2507,meta-llama/Llama-3.3-70B-Instruct-Turbo
ex_title_cand_0018,5ab25256554299449642c875,title_anchor,doc_hani_singer_cf39ea6911,Hani (singer),"Ahn Hee-yeon (Hangul: 안희연; born May 1, 1992), better known by her stage name Hani, is a South Korean singer and television personality.",Hani (singer),"In the ""Hani (singer)"" document, what evidence helps answer: What South Korean television show did both Ahn Hee-yeon and rapper Defconn host?","In the ""Hani (singer)"" document, what is the stage name of Ahn Hee-yeon?",accepted,,accept,1,,The question is answerable from the gold sentence and matches the subtype.,Qwen/Qwen3-235B-A22B-Instruct-2507,meta-llama/Llama-3.3-70B-Instruct-Turbo
ex_title_cand_0019,5ac02565554299012d1db5bc,title_anchor,doc_concord_naval_weapons_station_1210c9d9cd,Concord Naval Weapons Station,"Concord Naval Weapons Station was a military base established in 1942 north of the city of Concord, California at the shore of the Sacramento River where it widens into Suisun Bay.",Concord Naval Weapons Station,"In the ""Concord Naval Weapons Station"" document, what evidence helps answer: In which year was this military base established that functioned as a World War II armament storage depot and is located near Seal Islands?","In the ""Concord Naval Weapons游戏副本 Station"" document, what year was the military base established?",accepted,,accept,1,,The question is answerable from the gold sentence and matches the subtype.,Qwen/Qwen3-235B-A22B-Instruct-2507,meta-llama/Llama-3.3-70B-Instruct-Turbo
ex_title_cand_0020,5adcea1f5542992c1e3a24ad,title_anchor,doc_value_alliance_3a6b9bf8e3,Value Alliance,Value Alliance is an airline alliance formed in May 2016.,Value Alliance,"In the ""Value Alliance"" document, what evidence helps answer: Jeju Air is a founding member of the air alliance formed in what month?","In the ""Value Alliance"" document, what month was the airline alliance formed?",accepted,,accept,1,,The question is answerable from the gold sentence and matches the subtype.,Qwen/Qwen3-235B-A22B-Instruct-2507,meta-llama/Llama-3.3-70B-Instruct-Turbo
ex_title_cand_0021,5ab9257b554299753720f749,title_anchor,doc_ultimate_boeing_747_gambit_c9b7becb43,Ultimate Boeing 747 gambit," It was introduced by Richard Dawkins in chapter 4 of his 2006 book ""The God Delusion"", ""Why there almost certainly is no God"".",Ultimate Boeing 747 gambit,"In the ""Ultimate Boeing 747 gambit"" document, what evidence helps answer: Who introduced the Ultimate Boeing 747 gambit in response to the idea that there must be a god if there appears to be a deliberate design in the natural world?","In the ""Ultimate Boeing 747 gambit"" document, who introduced the Ultimate Boeing 747 gambit in chapter 4 of the 2006 book ""The God Delusion""?",accepted,,accept,1,,The question is answerable from the gold sentence and matches the subtype.,Qwen/Qwen3-235B-A22B-Instruct-2507,meta-llama/Llama-3.3-70B-Instruct-Turbo
ex_title_cand_0022,5a83876c5542992ef85e22de,title_anchor,doc_fruit_bowl_862c8f6355,Fruit Bowl,"The Fruit Bowl was a post-season college football bowl game held in December at Kezar Stadium in San Francisco, California.",Fruit Bowl,"In the ""Fruit Bowl"" document, what evidence helps answer: The Fruit Bowl was a post-season college football bowl game held in December at Kezar Stadium, an outdoor athletics stadium in San Francisco, California, located adjacent to Kezar Pavilion in the southeastern corner of which location?","In the ""Fruit Bowl"" document, what location was Kezar Stadium, the venue for the post-season college football bowl game, situated in?",accepted,,accept,1,,The question is answerable from the gold sentence and matches the subtype.,Qwen/Qwen3-235B-A22B-Instruct-2507,meta-llama/Llama-3.3-70B-Instruct-Turbo
ex_title_cand_0023,5a73a23455429905862fe07c,title_anchor,doc_great_smoky_mountains_national_park_893d964b14,Great Smoky Mountains National Park,The park was chartered by the United States Congress in 1934 and officially dedicated by President Franklin Delano Roosevelt in 1940.,Great Smoky Mountains National Park,"In the ""Great Smoky Mountains National Park"" document, what evidence helps answer: In which national park that was chartered in 1934 are Agnorisma bolli found?","In the ""Great Smoky Mountains National Park"" document, what year was the park chartered by the United States Congress?",accepted,,accept,1,,The question is answerable from the gold sentence and matches the subtype.,Qwen/Qwen3-235B-A22B-Instruct-2507,meta-llama/Llama-3.3-70B-Instruct-Turbo
ex_title_cand_0024,5ade2a075542997c77aded8c,title_anchor,doc_american_civil_war_277efc4989,American Civil War," The result of a long-standing controversy over slavery, war broke out in April 1861, when Confederates attacked Fort Sumter in South Carolina, shortly after Abraham Lincoln was inaugurated.",American Civil War,"In the ""American Civil War"" document, what evidence helps answer: Sergeant James B. Bell received what honor for his actions in the war that broke out April 1861","In the ""American Civil War"" document, what event marked the start of the war in April 1861?",accepted,,accept,1,,The question is answerable from the gold sentence and matches the subtype.,Qwen/Qwen3-235B-A22B-Instruct-2507,meta-llama/Llama-3.3-70B-Instruct-Turbo
ex_title_cand_0025,5ae72ba35542991e8301cb83,title_anchor,doc_morphett_vale_south_australia_0e09b47b49,"Morphett Vale, South Australia"," It is the largest suburb in the state, with a population of more than 23,000 and an area of 12.76 km², followed by Paralowie with nearly 10,000 fewer residents.","Morphett Vale, South Australia","In the ""Morphett Vale, South Australia"" document, what evidence helps answer: The suburb east of Christie Downs has what land area?","In the ""Morphett Vale, South Australia"" document, what is the land area of the suburb?",accepted,,accept,1,,The question is answerable from the gold sentence and matches the subtype.,Qwen/Qwen3-235B-A22B-Instruct-2507,meta-llama/Llama-3.3-70B-Instruct-Turbo
ex_title_cand_0026,5a8362ee5542992ef85e22a4,title_anchor,doc_john_stewart_kennedy_d51ed57955,John Stewart Kennedy," He was a member of the Jekyll Island Club (also known as The Millionaires' Club) on Jekyll Island, Georgia along with J.P. Morgan and William Rockefeller among others.",John Stewart Kennedy,"In the ""John Stewart Kennedy"" document, what evidence helps answer: John Stewart Kennedy was a member of the Jekyll Island Club alongside what Standard Oil co-founder?","In the ""John Stewart Kennedy"" document, who was a member of the Jekyll Island Club alongside John Stewart Kennedy and is also associated with Standard Oil?",accepted,,accept,2,,The question is answerable from the gold sentence and matches the subtype.,Qwen/Qwen3-235B-A22B-Instruct-2507,meta-llama/Llama-3.3-70B-Instruct-Turbo
ex_title_cand_0027,5a78c57e55429970f5fffd7a,title_anchor,doc_alfred_santell_447a6b9c8e,Alfred Santell,"Alfred Allen Santell also known as Al Santell (born September 14, 1895 in San Francisco, California) was an American film director and film producer.",Alfred Santell,"In the ""Alfred Santell"" document, what evidence helps answer: Which film maker was born first, Alfred Santell or Aleksei Balabanov.","In the ""Alfred Santell"" document, what is the birth date of Alfred Santell?",accepted,,accept,1,,valid,Qwen/Qwen3-235B-A22B-Instruct-2507,meta-llama/Llama-3.3-70B-Instruct-Turbo
ex_title_cand_0028,5a8b6b5455429950cd6afceb,title_anchor,doc_nikka_whisky_distilling_71ace65785,Nikka Whisky Distilling,"The Nikka Whisky Distilling Co. Ltd. (ニッカウヰスキー株式会社 , Nikka Uwisukii Kabushiki Gaisha ) is a producer of Japanese whisky and other beverages headquartered in Tokyo.",Nikka Whisky Distilling,"In the ""Nikka Whisky Distilling"" document, what evidence helps answer: Where is the producer of  a style of whisky developed and produced in Japan upon the opening of the country's first distillery, Yamazaki, headquartered at ?","In the ""Nikka Whisky Distilling"" document, what is the headquarters location of the producer of Japanese whisky?",accepted,,accept,1,,The question is answerable from the gold sentence and matches the subtype.,Qwen/Qwen3-235B-A22B-Instruct-2507,meta-llama/Llama-3.3-70B-Instruct-Turbo
ex_title_cand_0029,5ae159565542990adbacf762,title_anchor,doc_padmanav_bordoloi_1569eb406d,Padmanav Bordoloi,Padmanav is the second male singer from Assam to be nominated for this coveted title after Angaraag Papon Mahanta.,Padmanav Bordoloi,"In the ""Padmanav Bordoloi"" document, what evidence helps answer: Padmanav Bordoloi and Papon are both from what state of India?","In the ""Padmanav Bordoloi"" document, what Indian state are both Padmanav Bordoloi and Papon from?",accepted,,accept,1,,The question is answerable from the gold sentence and matches the subtype.,Qwen/Qwen3-235B-A22B-Instruct-2507,meta-llama/Llama-3.3-70B-Instruct-Turbo
ex_title_cand_0030,5ac30c85554299218029dbcb,title_anchor,doc_herschell_gordon_lewis_494f941196,Herschell Gordon Lewis,"Herschell Gordon Lewis (June 15, 1926 – September 26, 2016) was an American filmmaker, best known for creating the ""splatter"" subgenre of horror films.",Herschell Gordon Lewis,"In the ""Herschell Gordon Lewis"" document, what evidence helps answer: Whose film career included works in a range of exploitation film genres including juvenile delinquent films, nudie-cuties, two children's films and at least one rural comedy, Herschell Gordon Lewis' and Miguel Contreras Torres'?","In the ""Herschell Gordon Lewis"" document, what was Herschell Gordon Lewis best known for creating?",accepted,,accept,1,,The question is answerable from the gold sentence and matches the subtype.,Qwen/Qwen3-235B-A22B-Instruct-2507,meta-llama/Llama-3.3-70B-Instruct-Turbo
ex_date_cand_0001,5ac38516554299741d48a273,date_number_lookup,doc_chicago_film_critics_association_awards_2016_e2f8922253,Chicago Film Critics Association Awards 2016,"The 29th Chicago Film Critics Association Awards were announced on December 15, 2016.",15,"Which document mentions ""15"" in the evidence needed to answer: The most nominations at the Chicago Film Critics Association Awards in 2016 went to a coming-of-age drama film that was based on a play by Tarell Alvin McCraney, and was written and directed by who?","Which document mentions December 15, 2016 as the date when the 29th Chicago Film Critics Association Awards were announced?",accepted,,accept,1,,The question is answerable from the gold sentence and matches the subtype.,Qwen/Qwen3-235B-A22B-Instruct-2507,meta-llama/Llama-3.3-70B-Instruct-Turbo
ex_date_cand_0002,5ae12d10554299422ee9961c,date_number_lookup,doc_cas_walker_511c532b9a,Cas Walker,"Orton Caswell ""Cas"" Walker (March 23, 1902 – September 25, 1998), was a Tennessee businessman, politician, and personality on television and radio.",1902,"Which document mentions ""1902"" in the evidence needed to answer: Which person born on March 23, 1902 did George Roby Dempster have political battles with?","Which document mentions a person born on March 23, 1902 who had political battles with George Roby Dempster?",accepted,,accept,1,,The question is answerable from the gold sentence and matches the subtype.,Qwen/Qwen3-235B-A22B-Instruct-2507,meta-llama/Llama-3.3-70B-Instruct-Turbo
ex_date_cand_0003,5a74576755429979e2882911,date_number_lookup,doc_the_lass_of_richmond_hill_eef4afd8ec,The Lass of Richmond Hill,"""The Lass of Richmond Hill"", also known as ""The Sweet Lass of Richmond Hill"", is a song written by Leonard McNally with music composed by James Hook, and was first publicly performed in 1789.",1789,"Which document mentions ""1789"" in the evidence needed to answer: What song written by Leonard McNally with music composed by James Hook was the favorite song of the King of the United Kingdom of Great Britain and Ireland?","Which document mentions ""1789"" and describes a song written by Leonard McNally with music by James Hook?",accepted,,accept,1,,The question directly references the anchor value and describes the song accurately.,Qwen/Qwen3-235B-A22B-Instruct-2507,meta-llama/Llama-3.3-70B-Instruct-Turbo
ex_date_cand_0004,5a8a11a35542992e4fca84ee,date_number_lookup,doc_timothy_edward_howard_99231da97f,Timothy Edward Howard," Howard also was president of the Northern Indiana Historical Society, and in 1907, he wrote a history of St. Joseph County.",1907,"Which document mentions ""1907"" in the evidence needed to answer: What county does Howard Park Historic District and Timothy Edward Howard have in common?","Which document mentions ""1907"" and a history of St. Joseph County?",accepted,,accept,1,,The question is answerable from the gold sentence and matches the subtype.,Qwen/Qwen3-235B-A22B-Instruct-2507,meta-llama/Llama-3.3-70B-Instruct-Turbo
ex_date_cand_0005,5ae322655542994393b9e61f,date_number_lookup,doc_the_godfather_novel_fc28ebea3b,The Godfather (novel)," Originally published in 1969 by G. P. Putnam's Sons, the novel details the story of a fictional Mafia family based in New York City (and Long Beach, New York), headed by Vito Corleone.",1969,"Which document mentions ""1969"" in the evidence needed to answer: Tom Hagen is a character in the crime novel published in what year?",Which document mentions a crime novel published in 1969 featuring the character Tom Hagen?,accepted,,accept,1,,The gold sentence contains the required information.,Qwen/Qwen3-235B-A22B-Instruct-2507,meta-llama/Llama-3.3-70B-Instruct-Turbo
ex_date_cand_0006,5ab98e00554299753720f830,date_number_lookup,doc_from_hell_film_b81bd094f5,From Hell (film),"From Hell is a 2001 American mystery horror film directed by the Hughes brothers and loosely based on the graphic novel ""From Hell"" by Alan Moore and Eddie Campbell about the Jack the Ripper murders.",2001,"Which document mentions ""2001"" in the evidence needed to answer: Terence Harvey appeared in which 2001 American mystery horror film directed by the Hughes brothers?",Which document mentions the 2001 American mystery horror film directed by the Hughes brothers?,accepted,,accept,1,,The question is answerable from the gold sentence and matches the subtype.,Qwen/Qwen3-235B-A22B-Instruct-2507,meta-llama/Llama-3.3-70B-Instruct-Turbo
ex_date_cand_0007,5a7b21a1554299042af8f6f9,date_number_lookup,doc_jason_hervey_20d8239ecb,Jason Hervey,"Jason Robert Hervey (born April 6, 1972) is an American actor, television producer and former public relations agent.",1972,"Which document mentions ""1972"" in the evidence needed to answer: What co-founder of MX Digital starred on The Wonder Years","Which document mentions ""April 6, 1972"" in the record of the co-founder of MX Digital who starred on The Wonder Years?",accepted,,accept,1,,The question is answerable from the gold sentence and matches the subtype.,Qwen/Qwen3-235B-A22B-Instruct-2507,meta-llama/Llama-3.3-70B-Instruct-Turbo
ex_date_cand_0008,5ab65def55429954757d3260,date_number_lookup,doc_tara_reid_bdde13a1af,Tara Reid," She is known for playing Vicky in the films ""American Pie"" (1999), ""American Pie 2"" (2001) and ""American Reunion"" (2012), and Bunny Lebowski in ""The Big Lebowski"" (1998).",1998,"Which document mentions ""1998"" in the evidence needed to answer: What is the nickname of the Jeff Bridge's character that shares a surname with actress Tara Reid's character in the same film?",Which document mentions 1998 and the nickname of Jeff Bridges's character who shares a surname with Tara Reid's character in the same film?,needs_review,Deterministic checks failed: non_title_lookup_leaks_gold_title,repair,3,non_title_lookup_leaks_gold_title,Deterministic checks failed: non_title_lookup_leaks_gold_title,Qwen/Qwen3-235B-A22B-Instruct-2507,meta-llama/Llama-3.3-70B-Instruct-Turbo
ex_date_cand_0009,5aded1a85542993344016ba3,date_number_lookup,doc_lamium_2689cf6952,Lamium,"Lamium (dead-nettles) is a genus of about 40–50 species of flowering plants in the family Lamiaceae, of which it is the type genus.",40,"Which document mentions ""40"" in the evidence needed to answer: Which has more species Lamium or Colletia?",Which document mentions 40 species for a genus in the family Lamiaceae?,accepted,,accept,2,,The question is answerable from the gold sentence and matches the subtype.,Qwen/Qwen3-235B-A22B-Instruct-2507,meta-llama/Llama-3.3-70B-Instruct-Turbo
ex_date_cand_0010,5a7a58675542990783324f1f,date_number_lookup,doc_elizabeth_kekaaniau_e4ff7b5363,Elizabeth Kekaaniau,"Elizabeth Kekaʻaniau Laʻanui Pratt, full name Elizabeth Kekaikuihala Kekaʻaniauokalani Kalaninuiohilaukapu Laʻanui Pratt (12 September 1834 – 20 December 1928) was a great grandniece of Kamehameha I, being a great granddaughter of Kalokuokamaile, the older brother of Kamehameha I, founder of the Kingdom of Hawaii.",12,"Which document mentions ""12"" in the evidence needed to answer: Franklin Seaver Pratt (November 1, 1829 – January 11, 1894), also known as Franklyn or Frank S. Pratt, was an American settler, businessman, public servant and diplomat of the Kingdom of Hawaii, he married who, that was a great grandniece of Kamehameha I, being a great granddaughter of Kalokuokamaile, the older brother of Kamehameha I, founder of the Kingdom of Hawaii?","Which document mentions ""12 September 1834"" and describes a great grandniece of Kamehameha I who was a great granddaughter of Kalokuokamaile, the older brother of Kamehameha I, founder of the Kingdom of Hawaii?",accepted,,accept,1,,The question is answerable from the gold sentence and matches the subtype.,Qwen/Qwen3-235B-A22B-Instruct-2507,meta-llama/Llama-3.3-70B-Instruct-Turbo
ex_date_cand_0011,5a78e760554299029c4b5ed4,date_number_lookup,doc_nadine_gordimer_8c64d2fc2a,Nadine Gordimer,"Nadine Gordimer (20 November 1923 – 13 July 2014) was a South African writer, political activist and recipient of the 1991 Nobel Prize in Literature.",13,"Which document mentions ""13"" in the evidence needed to answer: Who was a South African writer, political activist and recipient of the 1991 Nobel Prize in Literature, Nadine Gordimer or Betty Friedan?","Which document contains the record of the South African writer, political activist and recipient of the 1991 Nobel Prize in Literature who died on 13 July 2014?",accepted,,accept,1,,The question is answerable from the gold sentence and matches the subtype.,Qwen/Qwen3-235B-A22B-Instruct-2507,meta-llama/Llama-3.3-70B-Instruct-Turbo
ex_date_cand_0012,5ac3a5fe554299391541387f,date_number_lookup,doc_billy_eichner_6f189afe28,Billy Eichner,"Billy Eichner (born September 18, 1978) is an American comedian, actor, writer, and television personality.",18,"Which document mentions ""18"" in the evidence needed to answer: Difficult People co-stars the comedian and actor of what nationality?","Which document mentions September 18, 1978 and contains information about the nationality of the comedian and actor who co-starred in Difficult People?",accepted,,accept,1,,The question is answerable from the gold sentence and matches the subtype.,Qwen/Qwen3-235B-A22B-Instruct-2507,meta-llama/Llama-3.3-70B-Instruct-Turbo
ex_date_cand_0013,5ade5ec4554299728e26c6ee,date_number_lookup,doc_paul_marantz_c45fdf3637,Paul Marantz,"Paul Marantz is an American architectural lighting designer, whose work includes the discothèque Studio 54, the Times Square Ball, the Tribute in Light, the Barnes Foundation,",54,"Which document mentions ""54"" in the evidence needed to answer: Paul Marantz work includes which nightclub that is currently a Broadway theatre?","Which document mentions ""54"" in relation to the nightclub that is part of Paul Marantz's work and now operates as a Broadway theatre?",needs_review,Deterministic checks failed: non_title_lookup_leaks_gold_title,repair,3,non_title_lookup_leaks_gold_title,Deterministic checks failed: non_title_lookup_leaks_gold_title,Qwen/Qwen3-235B-A22B-Instruct-2507,meta-llama/Llama-3.3-70B-Instruct-Turbo
ex_date_cand_0014,5ac266ff5542992f1f2b38b3,date_number_lookup,doc_dominic_savio_d883c6c80a,Dominic Savio,"Dominic Savio (Italian: ""Domenico Savio"" ; April 2, 1842 – March 9, 1857) was an Italian adolescent student of Saint John Bosco.",1842,"Which document mentions ""1842"" in the evidence needed to answer: Who was a student of the developer of a method that became known as the Salesian Preventive System?","Which document mentions April 2, 1842, and describes an Italian adolescent student of Saint John Bosco?",accepted,,accept,1,,The question is answerable from the gold sentence and matches the subtype.,Qwen/Qwen3-235B-A22B-Instruct-2507,meta-llama/Llama-3.3-70B-Instruct-Turbo
ex_date_cand_0015,5a78a4315542990784727704,date_number_lookup,doc_new_jersey_route_495_698ee7b2a6,New Jersey Route 495,"Route 495 is a 3.45 mi freeway in Hudson County, New Jersey, in the United States that connects the New Jersey Turnpike (Interstate 95, I-95) at exits 16E and 17 in Secaucus to New York State Route 495 (NY 495) inside the Lincoln Tunnel in Weehawken, providing access to Midtown Manhattan.",17,"Which document mentions ""17"" in the evidence needed to answer: What was the 2010 population of the town located at exit 17 off of Route 495 in Hudson County?","Which document mentions exit 17 and describes the location of Route 495 in Hudson County, New Jersey?",accepted,,accept,2,,The question is answerable from the gold sentence and matches the subtype.,Qwen/Qwen3-235B-A22B-Instruct-2507,meta-llama/Llama-3.3-70B-Instruct-Turbo
ex_date_cand_0016,5a8eda6b55429917b4a5bde1,date_number_lookup,doc_moon_pilot_59e018a30c,Moon Pilot,"Moon Pilot is a 1962 American Technicolor science fiction satirical comedy film from Walt Disney Productions, released through Buena Vista Distribution, directed by James Neilson, and starring Tom Tryon, Brian Keith, Edmund O'Brien, Dany Saval, and Tommy Kirk.",1962,"Which document mentions ""1962"" in the evidence needed to answer: What star of Moon Pilot also appeared in The Parent Trap?",Which document mentions an actor from a 1962 film who also appeared in The Parent Trap?,accepted,,accept,1,,The question is answerable from the gold sentence and matches the subtype.,Qwen/Qwen3-235B-A22B-Instruct-2507,meta-llama/Llama-3.3-70B-Instruct-Turbo
ex_date_cand_0017,5a8f940755429918e830d279,date_number_lookup,doc_kenny_young_3216cf5269,Kenny Young,"Kenny Young is an American songwriter, producer and environmentalist who has been an active writer, artist, and producer from 1963 to the present.",1963,"Which document mentions ""1963"" in the evidence needed to answer: What is the name of the father of a woman who sang a top 40 hit written by Kenny Young who also sang the 1966 hit ""These Boots Are Made for Walkin'""?","Which document mentions ""1963"" and includes information about a woman who sang a top 40 hit written by Kenny Young and also performed the 1966 hit ""These Boots Are Made for Walkin'""?",needs_review,Deterministic checks failed: non_title_lookup_leaks_gold_title,repair,3,non_title_lookup_leaks_gold_title,Deterministic checks failed: non_title_lookup_leaks_gold_title,Qwen/Qwen3-235B-A22B-Instruct-2507,meta-llama/Llama-3.3-70B-Instruct-Turbo
ex_date_cand_0018,5ab82d835542992aa3b8c8a7,date_number_lookup,doc_dennis_chun_bceba061b7,Dennis Chun,"Dennis Chun (born March 18, 1952) is an American actor, he is the son of actor Kam Fong Chun, and best known for his role as Sgt. Duke Lukela in ""Hawaii Five-0"".",0,"Which document mentions ""0"" in the evidence needed to answer: The actor who played Chino Ho Kelly on the T.V. series ""Hawaii Five-O"" Starred along side his son that played which character?","Which document contains the number 0 and mentions the actor who played Sgt. Duke Lukela in ""Hawaii Five-0""?",accepted,,accept,1,,valid,Qwen/Qwen3-235B-A22B-Instruct-2507,meta-llama/Llama-3.3-70B-Instruct-Turbo
ex_date_cand_0019,5ae76b105542997ec2727637,date_number_lookup,doc_monty_waters_945f41585a,Monty Waters,"Monty Waters (April 14, 1938 in Modesto, California – December 23, 2008 in Munich, Germany) was an American jazz saxophonist, flautist and singer.",14,"Which document mentions ""14"" in the evidence needed to answer: The city in which Monty Waters was born is Italian for what word?","Which document mentions April 14, 1938 and states that the city where the person was born is Italian for a specific word?",accepted,,accept,1,,The question is answerable from the gold sentence and matches the subtype.,Qwen/Qwen3-235B-A22B-Instruct-2507,meta-llama/Llama-3.3-70B-Instruct-Turbo
ex_date_cand_0020,5ab2f4ef5542991669774156,date_number_lookup,doc_half_the_sky_754f5a054e,Half the Sky,Half the Sky: Turning Oppression into Opportunity for Women Worldwide is a nonfiction book by Nicholas Kristof and Sheryl WuDunn published by Knopf in September 2009.,2009,"Which document mentions ""2009"" in the evidence needed to answer: Who co-wrote Half the Sky with American journalist Nicholas Kristof?","Which document mentions ""2009"" and states who co-wrote the book with American journalist Nicholas Kristof?",accepted,,accept,1,,The question is answerable from the gold sentence and matches the subtype.,Qwen/Qwen3-235B-A22B-Instruct-2507,meta-llama/Llama-3.3-70B-Instruct-Turbo
ex_date_cand_0021,5ac300f1554299218029dbb6,date_number_lookup,doc_cars_2_0ead5c70b1,Cars 2,Cars 2 is a 2011 American computer-animated action comedy spy film produced by Pixar Animation Studios for Walt Disney Pictures.,2,"Which document mentions ""2"" in the evidence needed to answer: Which film was released first, Cars 2 or Into the Woods?","Which document mentions ""2"" in the context of a 2011 American computer-animated action comedy spy film produced by Pixar Animation Studios for Walt Disney Pictures?",accepted,,accept,1,,valid question,Qwen/Qwen3-235B-A22B-Instruct-2507,meta-llama/Llama-3.3-70B-Instruct-Turbo
ex_date_cand_0022,5a85c8035542997175ce2018,date_number_lookup,doc_46th_gma_dove_awards_2e379f75f3,46th GMA Dove Awards,"The 46th Annual GMA Dove Awards presentation ceremony was held on Tuesday, October 13, 2015 at the Allen Arena located in Nashville, Tennessee.",13,"Which document mentions ""13"" in the evidence needed to answer: What singer from the band ""Mary Mary"" shared the job title of host for an awards show with a television star?","Which document mentions a singer from the band ""Mary Mary"" sharing hosting duties for an awards show with a television star on October 13, 2015?",accepted,,accept,1,,The question is answerable from the gold sentence and matches the subtype.,Qwen/Qwen3-235B-A22B-Instruct-2507,meta-llama/Llama-3.3-70B-Instruct-Turbo
ex_date_cand_0023,5a85f9c55542996432c57153,date_number_lookup,doc_katzenbach_v_morgan_c80d4e7991,Katzenbach v. Morgan,"Katzenbach v. Morgan, 384 U.S. 641 (1966) , was a United States Supreme Court case regarding the power of Congress, pursuant to Section 5 of the 14th Amendment, to enact laws that enforce and interpret provisions of the Constitution.",1966,"Which document mentions ""1966"" in the evidence needed to answer: Which was decided first, Katzenbach v. Morgan or Brown v. Board of Education?",Which document contains the year 1966 and records a Supreme Court case about Congress's power under Section 5 of the 14th Amendment to enforce constitutional provisions?,accepted,,accept,1,,The question is answerable from the gold sentence and matches the subtype.,Qwen/Qwen3-235B-A22B-Instruct-2507,meta-llama/Llama-3.3-70B-Instruct-Turbo
ex_date_cand_0024,5ab238af554299340b52549e,date_number_lookup,doc_the_bargee_1679af0316,The Bargee,"The Bargee is a 1964 British comedy film directed by Duncan Wood, and starring Harry H. Corbett, Hugh Griffith, Eric Sykes and Ronnie Barker.",1964,"Which document mentions ""1964"" in the evidence needed to answer: Which director/actor was in a British comedy film directed  by Duncan Wood?","Which document mentions ""1964"" and describes a British comedy film directed by Duncan Wood?",accepted,,accept,1,,The question is answerable from the gold sentence and matches the subtype.,Qwen/Qwen3-235B-A22B-Instruct-2507,meta-llama/Llama-3.3-70B-Instruct-Turbo
ex_date_cand_0025,5a7defcd5542990b8f503afb,date_number_lookup,doc_white_town_d370c1969d,White Town," It also peaked at number one in Spain, as well as number two in Australia, number four in Canada, Denmark and Finland and number 23 in the United States.",23,"Which document mentions ""23"" in the evidence needed to answer: What rank was the lead single from the album ""Women in Technology""  in the United States?","Which document mentions the rank 23 for the lead single from the album ""Women in Technology"" in the United States?",accepted,,accept,1,,The question is answerable from the gold sentence and matches the subtype.,Qwen/Qwen3-235B-A22B-Instruct-2507,meta-llama/Llama-3.3-70B-Instruct-Turbo
ex_date_cand_0026,5ae05b06554299603e418403,date_number_lookup,doc_norse_federation_c1897d81f9,Norse Federation,"The Norse Federation (Norwegian: ""Nordmanns-Forbundet"" ) is a Norwegian non-profit organization that was founded it 1907, and is under the patronage of the monarch of Norway, currently King Harald V.",1907,"Which document mentions ""1907"" in the evidence needed to answer: When did the monarch of Norway ascend to the throne?","Which document mentions ""1907"" and states the founding year of the organization under the patronage of the monarch of Norway?",accepted,,accept,1,,The question is answerable from the gold sentence and matches the subtype.,Qwen/Qwen3-235B-A22B-Instruct-2507,meta-llama/Llama-3.3-70B-Instruct-Turbo
ex_date_cand_0027,5a79e421554299029c4b5f82,date_number_lookup,doc_derek_st_holmes_f2a09ceb63,Derek St. Holmes,"Derek St. Holmes (born February 24, 1953) is an American musician, best known as the vocalist and rhythm guitar player for Ted Nugent's early solo career.",1953,"Which document mentions ""1953"" in the evidence needed to answer: Derek St. Holmes and Angela Gossow, have what occupation in common?","Which document mentions February 24, 1953 and states that the person is a musician?",accepted,,accept,1,,The gold sentence contains the required information and the question is a natural lookup.,Qwen/Qwen3-235B-A22B-Instruct-2507,meta-llama/Llama-3.3-70B-Instruct-Turbo
ex_date_cand_0028,5a7aa6645542992d025e66db,date_number_lookup,doc_giles_nuttgens_5725f509c0,Giles Nuttgens,"Giles Nuttgens (born 1960), BSC is a British cinematographer, perhaps best known for the 2016 film ""Hell or High Water"", for which he received a 2017 BAFTA nomination.",1960,"Which document mentions ""1960"" in the evidence needed to answer: Giles Nuttgens is a cinematographer best known fow a 2016 film directed by which director ?","Which document mentions ""1960"" and states that a cinematographer is best known for a 2016 film directed by which director?",accepted,,accept,1,,The question is answerable from the gold sentence and matches the subtype.,Qwen/Qwen3-235B-A22B-Instruct-2507,meta-llama/Llama-3.3-70B-Instruct-Turbo
ex_date_cand_0029,5ac3c69d554299204fd21e51,date_number_lookup,doc_h_ry_j_nos_5eafdaa3d6,Háry János,"Háry János is a Hungarian folk opera (that is, a spoken play with songs, in the manner of a ""Singspiel"") in four acts by Zoltán Kodály to a Hungarian libretto by Béla Paulini (1881–1945) and Zsolt Harsányi, based on the comic epic ""The Veteran"" (""Az obsitos"") by János Garay.",1881,"Which document mentions ""1881"" in the evidence needed to answer: Háry János and Fedora, are which type of dramatic play?","Which document mentions ""1881"" and describes a Hungarian folk opera with spoken dialogue and songs?",accepted,,accept,1,,The question is answerable from the gold sentence and matches the subtype.,Qwen/Qwen3-235B-A22B-Instruct-2507,meta-llama/Llama-3.3-70B-Instruct-Turbo
ex_date_cand_0030,5a8650585542994775f6074d,date_number_lookup,doc_zymer_bytyqi_6111a8fadf,Zymer Bytyqi," He previously played for Sandnes Ulf and Red Bull Salzburg, and became the youngest player that has ever played in the Norwegian top league when he made his first-team debut in 2012 (the record has since been broken by Martin Ødegaard).",2012,"Which document mentions ""2012"" in the evidence needed to answer: Zymer Bytyqi was the youngest to ever play in the Norwegian top league until it was broken by the player from which Dutch club?",Which document mentions the year 2012 in relation to Zymer Bytyqi becoming the youngest player to debut in the Norwegian top league before Martin Ødegaard broke the record?,needs_review,Deterministic checks failed: non_title_lookup_leaks_gold_title,repair,3,non_title_lookup_leaks_gold_title,Deterministic checks failed: non_title_lookup_leaks_gold_title,Qwen/Qwen3-235B-A22B-Instruct-2507,meta-llama/Llama-3.3-70B-Instruct-Turbo
ex_phrase_cand_0001,5a8acd085542995153361385,exact_phrase_lookup,doc_atlantica_online_ecc5a0101c,Atlantica Online,Atlantica Online is a free-to-play (F2P) 3D tactical massively multiplayer online role-playing game (MMORPG) developed by NDOORS Corporation.,NDOORS Corporation.,"Which document contains the exact phrase ""NDOORS Corporation."" in evidence related to: Atlantica Online is a MORPG set in the mythical land of Atlantis, which was first described by what western philosopher?","Which document contains the exact phrase ""NDOORS Corporation."" and describes a free-to-play 3D tactical massively multiplayer online role-playing game?",accepted,,accept,1,,The question is answerable from the gold sentence and matches the subtype.,Qwen/Qwen3-235B-A22B-Instruct-2507,meta-llama/Llama-3.3-70B-Instruct-Turbo
ex_phrase_cand_0002,5a7eba5155429934daa2fc54,exact_phrase_lookup,doc_monday_monday_8c5fb6bbfb,Monday Monday,"Monday Monday is an ITV, UTV comedy drama.",Monday Monday is an ITV UTV,"Which document contains the exact phrase ""Monday Monday is an ITV UTV"" in evidence related to: Monday Monday is a television comedy broadcast in what country?",,drop,Candidate cannot satisfy subtype constraints: anchor_leaks_gold_title,preflight_drop,0,anchor_leaks_gold_title,,Qwen/Qwen3-235B-A22B-Instruct-2507,meta-llama/Llama-3.3-70B-Instruct-Turbo
ex_phrase_cand_0003,5a8b74aa5542997f31a41d35,exact_phrase_lookup,doc_timbarra_gold_mine_5036cd5b5d,Timbarra Gold Mine,"The Timbarra Gold Mine was a highly controversial gold mine located on the Timbarra Plateau, at the head waters of the Clarence River, near Tenterfield, New South Wales, Australia.",The Timbarra Gold Mine,"Which document contains the exact phrase ""The Timbarra Gold Mine"" in evidence related to: The Timbarra Gold Mine was a gold mine located in the New England region at the intersection of New England and what?",,drop,Candidate cannot satisfy subtype constraints: anchor_leaks_gold_title,preflight_drop,0,anchor_leaks_gold_title,,Qwen/Qwen3-235B-A22B-Instruct-2507,meta-llama/Llama-3.3-70B-Instruct-Turbo
ex_phrase_cand_0004,5ab75c6c55429928e1fe384f,exact_phrase_lookup,doc_2000_fa_charity_shield_9ccef493c0,2000 FA Charity Shield, The goals were scored by Jimmy Floyd Hasselbaink and Mario Melchiot.,Jimmy Floyd Hasselbaink and Mario Melchiot.,"Which document contains the exact phrase ""Jimmy Floyd Hasselbaink and Mario Melchiot."" in evidence related to: What nationality was the player who along with Mario Melchior scored in the 2000 FA Charity Shield ?","Which document contains the exact phrase ""Jimmy Floyd Hasselbaink and Mario Melchiot."" and mentions the nationality of the player who scored with Mario Melchiot in the 2000 FA Charity Shield?",needs_review,Deterministic checks failed: non_title_lookup_leaks_gold_title,repair,3,non_title_lookup_leaks_gold_title,Deterministic checks failed: non_title_lookup_leaks_gold_title,Qwen/Qwen3-235B-A22B-Instruct-2507,meta-llama/Llama-3.3-70B-Instruct-Turbo
ex_phrase_cand_0005,5a8feec75542990a9849357c,exact_phrase_lookup,doc_faces_of_death_4c43ccbfb1,Faces of Death,Faces of Death (also released more recently as The Original Faces of Death) is a 1978 American mondo horror film directed by Conan LeCilaire and written by Alan Black.,The Original Faces of Death,"Which document contains the exact phrase ""The Original Faces of Death"" in evidence related to: Which film was released in the year 1964, Faces of Death or Point of Order?",,drop,Candidate cannot satisfy subtype constraints: anchor_leaks_gold_title,preflight_drop,0,anchor_leaks_gold_title,,Qwen/Qwen3-235B-A22B-Instruct-2507,meta-llama/Llama-3.3-70B-Instruct-Turbo
ex_phrase_cand_0006,5a774fb15542994aec3b7286,exact_phrase_lookup,doc_aleksander_krupa_eedbaa30a0,Aleksander Krupa,"Aleksander Krupa (born 18 March 1947), often credited as Olek Krupa, is a Polish actor, active in film and television roles and best known for playing villains and/or criminals, such as in ""Eraser"", ""Blue Streak"" and ""Home Alone 3"".",Blue Streak,"Which document contains the exact phrase ""Blue Streak"" in evidence related to: Which John Hughes' movie features Aleksander Krupa?","Which document contains the exact phrase ""Blue Streak"" and mentions the Polish actor Aleksander Krupa known for playing villains in films?",needs_review,Deterministic checks failed: non_title_lookup_leaks_gold_title,repair,3,non_title_lookup_leaks_gold_title,Deterministic checks failed: non_title_lookup_leaks_gold_title,Qwen/Qwen3-235B-A22B-Instruct-2507,meta-llama/Llama-3.3-70B-Instruct-Turbo
ex_phrase_cand_0007,5abba1ce554299642a094ae2,exact_phrase_lookup,doc_horatio_hamlet_5b3fb47338,Horatio (Hamlet)," Horatio's origins are unknown, although he was present on the battlefield when Hamlet's father defeated 'the ambitious Norway', Fortinbras (the king), and attended Wittenberg University with Prince Hamlet.",Wittenberg University,"Which document contains the exact phrase ""Wittenberg University"" in evidence related to: Horatio was present on the battlefield when Hamlet's father defeated the prince who delivers the final lines of the play that represent a hopeful future for which country?","Which document contains the exact phrase ""Wittenberg University"" and mentions that Horatio attended university with Prince Hamlet?",accepted,,accept,1,,The question is answerable from the gold sentence and matches the subtype.,Qwen/Qwen3-235B-A22B-Instruct-2507,meta-llama/Llama-3.3-70B-Instruct-Turbo
ex_phrase_cand_0008,5ae6a8a75542995703ce8b82,exact_phrase_lookup,doc_saco_maine_ccbc57c916,"Saco, Maine"," It is home to Ferry Beach State Park, Funtown Splashtown USA, Thornton Academy, as well as General Dynamics Armament Systems (also known by its former name, Saco Defense), a subsidiary of the defense contractor General Dynamics.",General Dynamics Armament Systems,"Which document contains the exact phrase ""General Dynamics Armament Systems"" in evidence related to: Why is Funtown Splashtown USA such an important part of Saco, Maine?","Which document contains the exact phrase ""General Dynamics Armament Systems"" and mentions its former name, Saco Defense?",accepted,,accept,1,,The question is a natural lookup question that matches the subtype and uses the required anchor value.,Qwen/Qwen3-235B-A22B-Instruct-2507,meta-llama/Llama-3.3-70B-Instruct-Turbo
ex_phrase_cand_0009,5add4fb95542997545bbbd2e,exact_phrase_lookup,doc_the_hand_that_feeds_c1e4dec470,The Hand That Feeds," It was also a crossover hit, crossing over to pop radio as their first top 40 radio hit since ""Closer"" and ""Hurt"" in 1994 and 1995, respectively, peaking at number 31 on the Billboard Hot 100 chart.",Billboard Hot,"Which document contains the exact phrase ""Billboard Hot"" in evidence related to: What crossover hit was a song by the American Industrial rock band Nine Inch Nails?","Which document contains the exact phrase ""Billboard Hot"" and mentions a Nine Inch Nails song that peaked at number 31 on the chart?",accepted,,accept,1,,The question is answerable from the gold sentence and matches the subtype.,Qwen/Qwen3-235B-A22B-Instruct-2507,meta-llama/Llama-3.3-70B-Instruct-Turbo
ex_phrase_cand_0010,5ac289b45542992f1f2b38f0,exact_phrase_lookup,doc_jonny_howson_79b574f1dc,Jonny Howson,Jonathan Mark Howson (born 21 May 1988) is an English professional footballer who plays as a central midfielder for Middlesbrough in the Championship.,Jonathan Mark Howson,"Which document contains the exact phrase ""Jonathan Mark Howson"" in evidence related to: Jonathan Mark Howson plays as a central midfielder for a football club formed in what year?","Which document contains the exact phrase ""Jonathan Mark Howson"" and states that he plays as a central midfielder for Middlesbrough in the Championship?",accepted,,accept,1,,The question is answerable from the gold sentence and matches the subtype.,Qwen/Qwen3-235B-A22B-Instruct-2507,meta-llama/Llama-3.3-70B-Instruct-Turbo
ex_phrase_cand_0011,5a8386b3554299123d8c2147,exact_phrase_lookup,doc_big_ballet_6abbbe6de3,Big Ballet,Big Ballet was a British documentary television programme produced by Rare Day and broadcast on Channel 4.,Rare Day and,"Which document contains the exact phrase ""Rare Day and"" in evidence related to: What documentary produced by Rare Day followed a judge on the ITV entertainment series ""Stepping Out""?","Which document contains the exact phrase ""Rare Day and"" and describes a British documentary television programme broadcast on Channel 4?",accepted,,accept,1,,The question is well-formed and follows the exact phrase lookup subtype.,Qwen/Qwen3-235B-A22B-Instruct-2507,meta-llama/Llama-3.3-70B-Instruct-Turbo
ex_phrase_cand_0012,5a79d9e55542994f819ef0cf,exact_phrase_lookup,doc_two_world_wars_and_one_world_cup_778e2eb388,Two World Wars and One World Cup,"""Two World Wars and One World Cup"" is a football song sung by supporters of the England national football team to the tune of ""Camptown Races"" as part of the England–Germany football rivalry.",Two World Wars and One World,"Which document contains the exact phrase ""Two World Wars and One World"" in evidence related to: Which rivalry were involved in the chant referring to the United Kingdom's Victories of the First and Second World War?","Which document contains the exact phrase ""Two World Wars and One World"" and describes a football song sung by supporters of the England national football team to the tune of ""Camptown Races"" as part of the England–Germany football rivalry?",accepted,,accept,1,,The question is answerable from the gold sentence and matches the exact phrase subtype.,Qwen/Qwen3-235B-A22B-Instruct-2507,meta-llama/Llama-3.3-70B-Instruct-Turbo
ex_phrase_cand_0013,5a7b53a95542995eb53be919,exact_phrase_lookup,doc_when_louis_met_6585229b65,When Louis Met...,When Louis Met... is a series of documentary films by Louis Theroux.,Louis Theroux.,"Which document contains the exact phrase ""Louis Theroux."" in evidence related to: What is the year of the event that happened first, When Louis Met originally aired, or Mostyn Hamilton was born?","Which document contains the exact phrase ""Louis Theroux."" and describes the series of documentary films he created?",accepted,,accept,2,,The question is a natural lookup and the gold sentence contains the exact phrase.,Qwen/Qwen3-235B-A22B-Instruct-2507,meta-llama/Llama-3.3-70B-Instruct-Turbo
ex_phrase_cand_0014,5a8d9e91554299441c6ba016,exact_phrase_lookup,doc_we_are_your_friends_film_d30c613a57,We Are Your Friends (film),"We Are Your Friends is a 2015 drama film directed by Max Joseph (in his directorial debut) and written by Joseph and Meaghan Oppenheimer, from a story by Richard Silverman.",Joseph and Meaghan Oppenheimer,"Which document contains the exact phrase ""Joseph and Meaghan Oppenheimer"" in evidence related to: The actress that rose to prominence after appearing in Robin Thicke's ""Blurred Lines"" video co-stars with Zac Efron in a 2015 film directed by who?","Which document contains the exact phrase ""Joseph and Meaghan Oppenheimer"" and describes a 2015 drama film directed by Max Joseph?",accepted,,accept,1,,The question is answerable from the gold sentence and matches the subtype. It uses the required anchor and does not leak the title when forbidden.,Qwen/Qwen3-235B-A22B-Instruct-2507,meta-llama/Llama-3.3-70B-Instruct-Turbo
ex_phrase_cand_0015,5add3c105542997545bbbcda,exact_phrase_lookup,doc_yahya_abdul_mateen_ii_c96f1ee07d,Yahya Abdul-Mateen II," He also starred in ""Baywatch"" (2017), and will appear in ""The Greatest Showman"" and DC's ""Aquaman"".",The Greatest Showman,"Which document contains the exact phrase ""The Greatest Showman"" in evidence related to: Yahya Abdul-Mateen II starred in what 2017 action comedy film?","Which document contains the exact phrase ""The Greatest Showman"" and mentions that Yahya Abdul-Mateen II starred in ""Baywatch"" (2017)?",needs_review,Deterministic checks failed: non_title_lookup_leaks_gold_title,repair,3,non_title_lookup_leaks_gold_title,Deterministic checks failed: non_title_lookup_leaks_gold_title,Qwen/Qwen3-235B-A22B-Instruct-2507,meta-llama/Llama-3.3-70B-Instruct-Turbo
ex_phrase_cand_0016,5ae0b88c55429924de1b7142,exact_phrase_lookup,doc_cheryl_mills_113a1039d4,Cheryl Mills," She has worked for New York University as Senior Vice President, served as Senior Adviser and Counsel for Hillary Clinton's 2008 presidential campaign, and is considered a member of Hillary Clinton's group of core advisers, self-designated as ""Hillaryland"".",Senior Adviser and Counsel,"Which document contains the exact phrase ""Senior Adviser and Counsel"" in evidence related to: Cheryl D. Mills (born 1965) is an American lawyer and corporate executive, she has served as Senior Adviser and Counsel for Hillary Clinton's 2008 presidential campaign, and is considered a member of Hillary Clinton's group of core advisers, self-designated as ""Hillaryland"", the self-designated name of a group of core advisors to Hillary Clinton, when she was First Lady of the United States and again when, as United States Senator, she was one of the Democratic Party candidates for President, in which election event?","Which document contains the exact phrase ""Senior Adviser and Counsel"" and describes the individual who served in that role for Hillary Clinton's 2008 presidential campaign?",accepted,,accept,1,,The question is answerable from the gold sentence and uses the required anchor value.,Qwen/Qwen3-235B-A22B-Instruct-2507,meta-llama/Llama-3.3-70B-Instruct-Turbo
ex_phrase_cand_0017,5a8e5d465542990e94052ae9,exact_phrase_lookup,doc_reeth_abraham_5748660745,Reeth Abraham,"Reeth Abraham is an athlete from Bengaluru, India and former South Asian Games champion in long jump<ref name=""http://www.iaaf.org/athletes/india/reeth-abraham-67422""> </ref> and 100 meters hurdles and the former national champion in heptathlon.",South Asian Games,"Which document contains the exact phrase ""South Asian Games"" in evidence related to: Reeth Abraham is an athlete from Bengaluru, India and former champion in long jump and 100 meters hurdles, at which biennial multi-sport event held among the athletes from South Asia?","Which document contains the exact phrase ""South Asian Games"" and mentions Reeth Abraham as a former champion in long jump and 100 meters hurdles?",needs_review,Deterministic checks failed: non_title_lookup_leaks_gold_title,repair,3,non_title_lookup_leaks_gold_title,Deterministic checks failed: non_title_lookup_leaks_gold_title,Qwen/Qwen3-235B-A22B-Instruct-2507,meta-llama/Llama-3.3-70B-Instruct-Turbo
ex_phrase_cand_0018,5ab46cc75542996a3a969f81,exact_phrase_lookup,doc_caterham_f1_1889bb609d,Caterham F1," The Caterham brand had competed in the Formula One World Championship from 2012 to 2014, following the acquisition of British sportscar manufacturer Caterham Cars by former owner and team principal Tony Fernandes, forming the Caterham Group.",Formula One World Championship,"Which document contains the exact phrase ""Formula One World Championship"" in evidence related to: The former owner and principal of the Caterham F1 Team founded what company?","Which document contains the exact phrase ""Formula One World Championship"" and mentions the company founded by the former owner and principal of the Caterham F1 Team?",needs_review,Deterministic checks failed: non_title_lookup_leaks_gold_title,repair,3,non_title_lookup_leaks_gold_title,Deterministic checks failed: non_title_lookup_leaks_gold_title,Qwen/Qwen3-235B-A22B-Instruct-2507,meta-llama/Llama-3.3-70B-Instruct-Turbo
ex_phrase_cand_0019,5a823f3055429940e5e1a80d,exact_phrase_lookup,doc_dane_dehaan_68815e5fe1,Dane DeHaan," His roles include Jesse on the HBO series ""In Treatment"", Andrew Detmer in ""Chronicle"" (2012), Jason Kancam in Derek Cianfrance's ""The Place Beyond the Pines"" (2012), Lucien Carr in ""Kill Your Darlings"" (2013), Harry Osborn in ""The Amazing Spider-Man 2"" (2014), James Dean in Anton Corbijn's ""Life"" (2015), Lockhart in Gore Verbinski's ""A Cure for Wellness"" (2016) and the title character in Luc Besson's ""Valerian and the City of a Thousand Planets"" (2017).",The Place Beyond the Pines,"Which document contains the exact phrase ""The Place Beyond the Pines"" in evidence related to: What 2015 biographical drama features Dane William DeHaan?","Which document contains the exact phrase ""The Place Beyond the Pines"" and mentions Dane William DeHaan's role in a 2012 film?",accepted,,accept,1,,The gold sentence contains the exact phrase and mentions Dane DeHaan's role in a 2012 film.,Qwen/Qwen3-235B-A22B-Instruct-2507,meta-llama/Llama-3.3-70B-Instruct-Turbo
ex_phrase_cand_0020,5a7a639f55429941d65f260d,exact_phrase_lookup,doc_frew_mcmillan_d1ba360609,Frew McMillan,Frew Donald McMillan (born 20 May 1942) is a former professional male tennis player from South Africa who won five major doubles championships including three Wimbledons with Bob Hewitt.,Frew Donald McMillan,"Which document contains the exact phrase ""Frew Donald McMillan"" in evidence related to: Who was born later, Tomáš Šmíd or Frew McMillan?","Which document contains the exact phrase ""Frew Donald McMillan"" and mentions his birth date?",accepted,,accept,1,,The question is answerable from the gold sentence and uses the required anchor value.,Qwen/Qwen3-235B-A22B-Instruct-2507,meta-llama/Llama-3.3-70B-Instruct-Turbo
ex_phrase_cand_0021,5a8483705542992ef85e2415,exact_phrase_lookup,doc_doctor_stranger_ec0b207197,Doctor Stranger,"Doctor Stranger () is a 2014 South Korean television series starring Lee Jong-suk, Jin Se-yeon, Park Hae-jin and Kang So-ra.",Park Hae-jin and Kang So-ra.,"Which document contains the exact phrase ""Park Hae-jin and Kang So-ra."" in evidence related to: What South Korean actor starred on the series Doctor Stranger and had a leading roll in the movie ""Man to Man""?","Which document contains the exact phrase ""Park Hae-jin and Kang So-ra."" and lists a South Korean actor from the television series starring Lee Jong-suk who also had a leading role in the movie ""Man to Man""?",accepted,,accept,3,,The question is answerable from the gold sentence and uses the required anchor value.,Qwen/Qwen3-235B-A22B-Instruct-2507,meta-llama/Llama-3.3-70B-Instruct-Turbo
ex_phrase_cand_0022,5ab94b11554299743d22eac9,exact_phrase_lookup,doc_bredebro_148a0b91f6,Bredebro,"Bredebro is a very small town with a population of 1,465 (1 January 2014) in Region of Southern Denmark in Denmark on the Jutland peninsula.",Region of Southern Denmark,"Which document contains the exact phrase ""Region of Southern Denmark"" in evidence related to: What shoe manufacturer that opened its first retail store in 1982 was founded in the Danish city of Bredebro?","Which document contains the exact phrase ""Region of Southern Denmark"" and describes a town on the Jutland peninsula with a population of 1,465 as of 1 January 2014?",accepted,,accept,2,,"The question is answerable from the gold sentence, matches the subtype, uses the required anchor, does not leak the title when forbidden, and is a natural lookup question.",Qwen/Qwen3-235B-A22B-Instruct-2507,meta-llama/Llama-3.3-70B-Instruct-Turbo
ex_phrase_cand_0023,5a8779dc5542994846c1cd8c,exact_phrase_lookup,doc_the_children_of_lir_loudest_whisper_album_8156b5ad2a,The Children of Lir (Loudest Whisper album),The Children of Lir is the debut album by Irish folk rock/progressive folk group Loudest Whisper.,The Children of Lir,"Which document contains the exact phrase ""The Children of Lir"" in evidence related to: What genre of music  did Loudest Whisper debut on a vinyl record format characterized by a speed of 33 ⁄ rpm, a 12 or 10 inch (30 or 25 cm) diameter, and use of the ""microgroove"" groove specification?","Which document contains the exact phrase ""The Children of Lir"" and describes the debut album genre of Loudest Whisper?",accepted,,accept,1,,The question is answerable from the gold sentence and matches the subtype.,Qwen/Qwen3-235B-A22B-Instruct-2507,meta-llama/Llama-3.3-70B-Instruct-Turbo
ex_phrase_cand_0024,5a8ce09b554299585d9e374e,exact_phrase_lookup,doc_english_in_the_commonwealth_of_nations_7c3859ae9d,English in the Commonwealth of Nations,The use of the English language in most member countries of the Commonwealth of Nations was inherited from British colonisation.,Commonwealth of Nations,"Which document contains the exact phrase ""Commonwealth of Nations"" in evidence related to: In how many states of the Member states of the Commonwealth of Nations is English either spoken as first or second language or at least widely used?","Which document contains the exact phrase ""Commonwealth of Nations"" and states that the use of English in most member countries was inherited from British colonisation?",accepted,,accept,1,,The question is answerable from the gold sentence and matches the subtype.,Qwen/Qwen3-235B-A22B-Instruct-2507,meta-llama/Llama-3.3-70B-Instruct-Turbo
ex_phrase_cand_0025,5ae26dab5542996483e649a4,exact_phrase_lookup,doc_averrhoa_7edea70d20,Averrhoa,"Averrhoa is a genus of trees in the Oxalidaceae family, of the Oxalidales order, named after Averroes, a 12th-century astronomer and philosopher from Al-Andalus.",Oxalidales order named after Averroes th-century,"Which document contains the exact phrase ""Oxalidales order named after Averroes th-century"" in evidence related to: Where is the Andalusian polymath who gave his name to a genus of trees buried?","Which document contains the exact phrase ""Oxalidales order named after Averroes th-century"" and mentions where the Andalusian polymath Averroes is buried?",needs_review,Deterministic checks failed: anchor_not_in_gold_sentence,repair,3,anchor_not_in_gold_sentence,Deterministic checks failed: anchor_not_in_gold_sentence,Qwen/Qwen3-235B-A22B-Instruct-2507,meta-llama/Llama-3.3-70B-Instruct-Turbo
ex_phrase_cand_0026,5a7cac4755429907fabeeffc,exact_phrase_lookup,doc_shenandoah_valley_railroad_1867_90_20de85db0c,Shenandoah Valley Railroad (1867–90), The development of this railroad had considerable backing from the Pennsylvania Railroad.,Pennsylvania Railroad.,"Which document contains the exact phrase ""Pennsylvania Railroad."" in evidence related to: The Shenandoah Valley Railroad had considerably backing from another railroad with what nickname?","Which document contains the exact phrase ""Pennsylvania Railroad."" and states that the Shenandoah Valley Railroad had considerable backing from this entity?",accepted,,accept,1,,The question is answerable from the gold sentence and matches the subtype.,Qwen/Qwen3-235B-A22B-Instruct-2507,meta-llama/Llama-3.3-70B-Instruct-Turbo
ex_phrase_cand_0027,5ae1ac6b554299492dc91b61,exact_phrase_lookup,doc_stand_by_for_action_a3f17b92e1,Stand By for Action,"Stand By for Action (British title: Cargo of Innocents) is a 1942 American war film directed by Robert Z. Leonard, starring Robert Taylor, Brian Donlevy, and Charles Laughton, also featuring Walter Brennan and, in her film debut, Marilyn Maxwell.",Cargo of Innocents,"Which document contains the exact phrase ""Cargo of Innocents"" in evidence related to: How many Academy Awards did the actor, who featured in the film, Stand By for Action win ?","Which document contains the exact phrase ""Cargo of Innocents"" and mentions the film's director?",accepted,,accept,2,,The question is answerable from the gold sentence and matches the subtype.,Qwen/Qwen3-235B-A22B-Instruct-2507,meta-llama/Llama-3.3-70B-Instruct-Turbo
ex_phrase_cand_0028,5a84dbe05542991dd0999e00,exact_phrase_lookup,doc_brandeis_award_privacy_419ed54836,Brandeis Award (privacy),"The Brandeis Award is named in honor of Louis Brandeis and awarded by Patient Privacy Rights, a health privacy watchdog.",Patient Privacy Rights,"Which document contains the exact phrase ""Patient Privacy Rights"" in evidence related to: What award by Patient Privacy Rights is named after an associate justice on the Supreme Court?","Which document contains the exact phrase ""Patient Privacy Rights"" and mentions an award named after a Supreme Court associate justice?",accepted,,accept,1,,The question is answerable from the gold sentence and uses the required anchor.,Qwen/Qwen3-235B-A22B-Instruct-2507,meta-llama/Llama-3.3-70B-Instruct-Turbo
ex_phrase_cand_0029,5a8f557355429918e830d1f8,exact_phrase_lookup,doc_sylvania_warhammer_c124494687,Sylvania (Warhammer),"Sylvania is a fictional land of dark forests in the ""Warhammer Fantasy"" which is home to vampires, ghouls, and other beings.",Warhammer Fantasy,"Which document contains the exact phrase ""Warhammer Fantasy"" in evidence related to: Sylvania is a fictional land of dark forests in the ""Warhammer Fantasy"" which is home to vampires, ghouls, and other beings, Warhammer Fantasy is a high fantasy fictional universe created by who?","Which document contains the exact phrase ""Warhammer Fantasy"" and describes Sylvania as a fictional land of dark forests home to vampires, ghouls, and other beings?",accepted,,accept,1,,"The question is answerable from the gold sentence, matches the subtype, uses the required anchor, does not leak the title when forbidden, and is a natural lookup question.",Qwen/Qwen3-235B-A22B-Instruct-2507,meta-llama/Llama-3.3-70B-Instruct-Turbo
ex_phrase_cand_0030,5ab413e55542996a3a969f1b,exact_phrase_lookup,doc_spaceballs_d5f75cddd8,Spaceballs," Starring Brooks, Bill Pullman, John Candy, and Rick Moranis, the film also features Daphne Zuniga, Dick Van Patten, and the voice of Joan Rivers.",Starring Brooks,"Which document contains the exact phrase ""Starring Brooks"" in evidence related to: Spaceballs is a 1987 American comic science fiction film co-written, produced and directed by Mel Brooks, the film also features which American actor, businessman, and animal welfare advocate, best known for his role as patriarch Tom Bradford on the ABC television comedy-drama ""Eight Is Enough""?","Which document contains the exact phrase ""Starring Brooks"" and mentions the American actor, businessman, and animal welfare advocate known for playing Tom Bradford in ""Eight Is Enough""?",accepted,,accept,1,,The question is well-formed and follows the exact phrase lookup subtype.,Qwen/Qwen3-235B-A22B-Instruct-2507,meta-llama/Llama-3.3-70B-Instruct-Turbo
