question_id,source_hotpot_id,question,answer,gold_doc_ids,gold_titles,gold_sentences,status,notes
mh_cand_0001,5ac3e13b5542995c82c4ac7b,Who is the director of a film which featured the winner of FX's inaugural MMA competition?,James Z. Feng,doc_fight_life_21662b7daa|doc_michael_chiesa_aa894ec72f,Fight Life|Michael Chiesa," The film is directed by independent filmmaker James Z. Feng and produced by RiLL Films. ||  A professional MMA competitor since 2008, Chiesa was the winner of FX's inaugural .",todo,
mh_cand_0002,5ae29b595542992decbdcd4e,"Who was the director of an American epic space opera film that starred an actor born March 5, 1989?",George Lucas,doc_jake_lloyd_b53538479a|doc_star_wars_episode_i_the_phantom_menace_4eb3d26e9c,Jake Lloyd|Star Wars: Episode I – The Phantom Menace,"Star Wars: Episode I – The Phantom Menace is a 1999 American epic space opera film written and directed by George Lucas, produced by Lucasfilm and distributed by 20th Century Fox. ||  It is the first installment in the ""Star Wars"" prequel trilogy and stars Liam Neeson, Ewan McGregor, Natalie Portman, Jake Lloyd, Ian McDiarmid, Anthony Daniels, Kenny Baker, Ahmed Best, Pernilla August, Brian Blessed, Ray Park, and Frank Oz. || Jake Matthew Lloyd (born March 5, 1989) is an American former actor who played young Anakin Skywalker in the 1999 film """", the first in the ""Star Wars"" prequel trilogy.",todo,
mh_cand_0003,5ab2b2ed5542992953946822,"Who released his debut solo album after the group disbanded, Biff Byford or Shane Filan?",Shane Steven Filan,doc_biff_byford_ebf283a0f9|doc_shane_filan_dc86361e25,Biff Byford|Shane Filan,"Peter Rodney ""Biff"" Byford (born 15 January 1951) is an English singer best known as the lead singer of the heavy metal band Saxon. || Shane Steven Filan (born 5 July 1979) is an Irish singer and songwriter. ||  After the group disbanded, Filan released his debut solo album, ""You and Me"", in 2013.",todo,
mh_cand_0004,5ae41e9855429970de88d903,"""Medusa"" is the eighth episode of the second season from The CW television series ""Supergirl"", which aired on which date, the episode features a minor tie-in with the Arrowverse crossover event ""Invasion!""?","November 21, 2016",doc_invasion_arrowverse_4f4afef1e1|doc_medusa_supergirl_8d6e9a49b4,Invasion! (Arrowverse)|Medusa (Supergirl),"""Medusa"" is the eighth episode of the second season from The CW television series ""Supergirl"", which aired on November 21, 2016. ||  is the third annual Arrowverse crossover event, crossing over episodes of the Arrowverse television series ""The Flash"", ""Arrow"" and ""Legends of Tomorrow"" on The CW, and is inspired by the 1989 comic miniseries ""Invasion!",todo,
mh_cand_0005,5ae534405542992663a4f15e,Whose orchestra accompanied the First Lady of Song and other singers in a 1967 television special?,Nelson Riddle,doc_a_man_and_his_music_ella_jobim_b8bb9299c5|doc_ella_fitzgerald_bad225fa45,A Man and His Music + Ella + Jobim|Ella Fitzgerald,"A Man and His Music + Ella + Jobim was a 1967 television special starring Frank Sinatra, Ella Fitzgerald, and Antonio Carlos Jobim, accompanied by Nelson Riddle and his orchestra. || Ella Jane Fitzgerald (April 25, 1917 – June 15, 1996) was an African - American jazz singer often referred to as the First Lady of Song, Queen of Jazz and Lady Ella.",todo,
mh_cand_0006,5ac29e33554299218029dac6,"What title did the mother of Archduke Charles, Duke of Teschen hold in Tuscany?",Grand Duchess,doc_archduke_charles_duke_of_teschen_e4b577dd5d|doc_maria_luisa_of_spain_df4d8f0b01,"Archduke Charles, Duke of Teschen|Maria Luisa of Spain","Archduke Charles of Austria, Duke of Teschen (German: Erzherzog Carl Ludwig Johann Joseph Laurentius von Österreich, Herzog von Teschen; 5 September 1771 – 30 April 1847) was an Austrian field-marshal, the third son of Emperor Leopold II and his wife, Maria Luisa of Spain. || Infanta Maria Luisa of Spain (Spanish: ""María Luisa"", German: ""Maria Ludovika"") (24 November 1745 – 15 May 1792) was Holy Roman Empress, German Queen, Queen of Hungary and Bohemia, Grand Duchess of Tuscany as the spouse of Leopold II, Holy Roman Emperor.",todo,
mh_cand_0007,5a81d970554299676cceb0fc,Zooperstars features a clam dressed as a baseball player born in what year?,1968,doc_sammy_sosa_b218c3cb30|doc_zooperstars_ad74029b17,Sammy Sosa|ZOOperstars!," In the sports industry, they are most famous for their popular ""Eat It"" skit where ""the impressively tall inflatable clam clad in a Sammy Sosa jersey greedily ""devours"" opposing coaches, bat boys, or whoever else happens to be around, then spits out his meal's shirt, shoes, and cap, all while Weird Al Yankovic's Eat It plays in the background."" || Samuel ""Maiky"" Peralta Sosa (born November 12, 1968) is a Haitian-Dominican former professional baseball right fielder.",todo,
mh_cand_0008,5ae5e27355429929b08079e7,"The coat of arms of Samoa takes its inspiration from the United Nations, as New Zealand administered Western Samoa first as a League of Nations,  was an intergovernmental organisation founded on which date, as a result of the Paris Peace Conference that ended the First World War?",10 January 1920,doc_coat_of_arms_of_samoa_f1a7d1aca3|doc_league_of_nations_894a47aa1f,Coat of arms of Samoa|League of Nations,"The coat of arms of Samoa takes its inspiration from the United Nations, as New Zealand administered Western Samoa first as a League of Nations Mandate and then as a United Nations trusteeship until the country received its independence on June 1, 1962, as Western Samoa. || The League of Nations (abbreviated as LN in English, ""La Société des Nations "" ] abbreviated as SDN or SdN in French) was an intergovernmental organisation founded on 10 January 1920 as a result of the Paris Peace Conference that ended the First World War.",todo,
mh_cand_0009,5ade23b35542992fa25da6dd,The Rieder Automatic Rifle was a model made by the company that created firearms for the forces of what country?,British Empire and Commonwealth,doc_lee_enfield_5ac5394dab|doc_rieder_automatic_rifle_f3649dbc8d,Lee–Enfield|Rieder Automatic Rifle,"The Rieder Automatic Rifle was a fully automatic Lee–Enfield SMLE rifle conversion of South African origin. || The Lee–Enfield is a bolt-action, magazine-fed, repeating rifle that was the main firearm used by the military forces of the British Empire and Commonwealth during the first half of the 20th century.",todo,
mh_cand_0010,5a897586554299515336130c,"Which documentary is French, Iraq in Fragments or Beyond Hatred?",Beyond Hatred,doc_beyond_hatred_8538c039ef|doc_iraq_in_fragments_b7dfff1649,Beyond Hatred|Iraq in Fragments,"Iraq in Fragments is a documentary film directed by James Longley. || Beyond Hatred (French: ""Au-delà de la haine"" ) is a 2005 French documentary film written and directed by Olivier Meyrou.",todo,
mh_cand_0011,5ab50a2b55429942dd415fe0,The History of Eric Clapton features him performing with what English rock band that was formed in London in 1963?,The Yardbirds,doc_the_history_of_eric_clapton_301c644a1b|doc_the_yardbirds_d4d65e0a39,The History of Eric Clapton|The Yardbirds," It features Eric Clapton performing in various bands between 1964 and 1970, including The Yardbirds, Cream, Blind Faith and Derek and the Dominos. || The Yardbirds are an English rock band, formed in London in 1963.",todo,
mh_cand_0012,5a74aba455429916b01641bb,"Which was born/created first, Atom Egoyan or Chloe?",Atom Egoyan,doc_atom_egoyan_62813735dc|doc_chloe_film_9b9de95637,Atom Egoyan|Chloe (film),"Atom Egoyan, {'1': "", '2': "", '3': "", '4': ""} (born July 19, 1960) is a Canadian stage and film director, writer and producer. || Chloe is a 2009 erotic thriller film directed by Atom Egoyan, a remake of the 2003 French film ""Nathalie..."".",todo,
mh_cand_0013,5ab757ce5542993667793fc2,"In which city is the southern terminus of this north–south United States highway located, which Kentucky Route 1632 connects KY 9 with?",Miami,doc_kentucky_route_1632_23ba6d186e|doc_u_s_route_27_f5aba03bff,Kentucky Route 1632|U.S. Route 27," It connects KY 9 in Wilder with US 27 in Southgate, Kentucky, just south of the border with Fort Thomas, near Exit 2 of I-471. || U.S. Route 27 (US 27) is a north–south United States highway in the southern and midwestern United States. ||  The southern terminus is at US 1 in Miami, Florida. ||  From Miami it goes up the center of Florida, then west to Tallahassee, Florida, and north through such cities and towns as Columbus, Georgia; Rome, Georgia; Chattanooga, Tennessee; Lexington, Kentucky; Cincinnati, Ohio; Oxford, Ohio; Richmond, Indiana; and Fort Wayne, Indiana.",todo,
mh_cand_0014,5a8f91415542997ba9cb32cc,Marina Zueva was the coach for which Canadian World Champion ice dancer?,Tessa Jane McCormick Virtue,doc_marina_zueva_2079ca33fd|doc_tessa_virtue_77f5ad2a86,Marina Zueva|Tessa Virtue," She is the former coach of the 2010 Olympic champions and three-time (2010, 2012, 2017) World champions in ice dancing, Tessa Virtue / Scott Moir, as well as the 2014 Olympic champions and two-time (2011, 2013) World champions in ice dancing Meryl Davis / Charlie White and the 2014 ice dance World Champions Anna Cappellini / Luca Lanotte. || Tessa Jane McCormick Virtue (born May 17, 1989) is a Canadian ice dancer.",todo,
mh_cand_0015,5a80b2b1554299485f5986c5,"The South Korean actress and model whose real name is Kim Soo-hyun, starred in an MBC show in 2016 that replaced which show?",Glamorous Temptation,doc_claudia_kim_2eb262810f|doc_monster_2016_tv_series_c0ee2eb78c,Claudia Kim|Monster (2016 TV series)," It replaced ""Glamorous Temptation"" and airs on MBC on Mondays and Tuesdays at 09:55pm (KST) from March 28 to September 20, 2016 for 50 episodes. || Kim Soo-hyun (born January 25, 1985), also known as Claudia Kim, is a South Korean actress and model.",todo,
mh_cand_0016,5ade0b575542995b365fabe6,"James Mangold, is an American film and television director, screenwriter and producer, films he has directed include Logan, an American epic neo-western superhero drama film, released in which year, and  produced by Marvel Entertainment?",2017,doc_james_mangold_d0fd7694a9|doc_logan_film_0a29b47d99,James Mangold|Logan (film)," Films he has directed include ""Walk the Line"", which he also co-wrote; ""The Wolverine""; ""Logan""; ""Cop Land""; ""Girl, Interrupted""; ""Knight and Day""; and the 2007 remake """". || Logan is a 2017 American epic neo-western superhero drama film produced by Marvel Entertainment, TSG Entertainment, and The Donners' Company, and distributed by 20th Century Fox.",todo,
mh_cand_0017,5a79dd13554299029c4b5f79,"The Crystal Palace Football Club Player of the Year is awarded at the end of each season, some players have won the award for a second time, the most recent being which  professional footballer who plays as a winger for Premier League club Crystal Palace, and the Ivory Coast national team?",Dazet Wilfried Armel Zaha,doc_crystal_palace_f_c_player_of_the_year_d6a6a64fa6|doc_wilfried_zaha_524d6bf628,Crystal Palace F.C. Player of the Year|Wilfried Zaha," Nine of these players have won the award for a second time, the most recent being Wilfried Zaha. || Dazet Wilfried Armel Zaha (born 10 November 1992) is a professional footballer who plays as a winger for Premier League club Crystal Palace and the Ivory Coast national team.",todo,
mh_cand_0018,5ade0cc35542990dbb2f7f36,Hafþór Júlíus Björnsson plays an HBO character who first appears in book form in what year?,1996,doc_gregor_clegane_231a2ea674|doc_haf_r_j_l_us_bj_rnsson_1dfdd19b17,Gregor Clegane|Hafþór Júlíus Björnsson," He plays Ser Gregor ""The Mountain"" Clegane in the HBO series ""Game of Thrones"". ||  In the books, the character is initially introduced in 1996's ""A Game of Thrones"".",todo,
mh_cand_0019,5ae813435542994a481bbeab,"The 1962 United States Senate election in New York was held on which date, incumbent Republican U.S. Senator Jacob Javits won against Democratic challenger James B. Donovan?","November 6, 1962",doc_james_b_donovan_0692cc19b9|doc_united_states_senate_election_in_new_york_1962_20577689ee,"James B. Donovan|United States Senate election in New York, 1962","The 1962 United States Senate election in New York was held on November 6, 1962. || James Britt Donovan (February 29, 1916 – January 19, 1970) was an American lawyer, United States Navy officer in the Office of Scientific Research and Development and the Office of Strategic Services, ultimately becoming General Counsel of the OSS (the predecessor of the CIA), and international diplomatic negotiator.",todo,
mh_cand_0020,5ae7eb635542994a481bbe23,Racism without Racists was published by the house founded in what year?,1949,doc_racism_without_racists_5becef9be7|doc_rowman_amp_littlefield_34ac74b325,Racism without Racists|Rowman &amp; Littlefield," It was originally published by Rowman & Littlefield in 2003, and has since been re-published four times, most recently in June 2017. || Rowman & Littlefield Publishing Group is an independent publishing house founded in 1949.",todo,
mh_cand_0021,5ab1f5d65542993be8fa9896,Which horrer television series aired on AMC on oct 18 2015 directed by the author of the secret diary of laura palmer?,"""The Walking Dead""",doc_jennifer_lynch_0486ba4058|doc_jss_the_walking_dead_b723f39b46,JSS (The Walking Dead)|Jennifer Lynch,"""JSS"" is the second episode of the sixth season and 69th episode overall of the post-apocalyptic horror television series ""The Walking Dead"", which aired on AMC on October 18, 2015. ||  The episode was written by Seth Hoffman and directed by Jennifer Lynch. ||  She is also known as the author of the book ""The Secret Diary of Laura Palmer"".",todo,
mh_cand_0022,5a7da2e55542990b8f5039dd,"What was the population in 2011 of the city that St Mary's Church, Lower Ince is in?","97,000",doc_st_mary_s_church_lower_ince_1a454a5d0f|doc_wigan_026155ab85,"St Mary's Church, Lower Ince|Wigan","St Mary's Church is in Warrington Road, Lower Ince, Ince-in-Makerfield, Wigan, Greater Manchester, England. ||  The town had a population of 97,000 in 2011, whilst the wider borough had a population of 318,100.",todo,
mh_cand_0023,5a87e43255429938390d3e9d,"Which character does Kristen Schaal play in the American animated sitcom ""Bob's Burgers""?",Louise Belcher,doc_bob_s_burgers_season_1_2886b13165|doc_kristen_schaal_f698c7bf42,Bob's Burgers (season 1)|Kristen Schaal," The show features the voices of H. Jon Benjamin, Dan Mintz, Eugene Mirman, John Roberts and Kristen Schaal in their roles of the Belcher family. ||  She is known for her roles of Mel on the HBO series ""Flight of the Conchords"", The Heart, She Holler as over-sexed Hurshe, Louise Belcher on FOX animated comedy ""Bob's Burgers"", and Mabel Pines on ""Gravity Falls"".",todo,
mh_cand_0024,5a77a99a5542995d8318125a,What is the name of the Austro-Hungarian general and historian from the province straddling the southern border of the Habsburg Monarchy?,Emil Vojnović von Belobreska,doc_emil_vojnovi_b6376bd08f|doc_military_frontier_664c3d164c,Emil Vojnović|Military Frontier,Emil Vojnović von Belobreska (also Emil Woinovich; 23 April 1851 – 13 February 1927) was an Austro-Hungarian Army general and historian from the Military Frontier who until 1915 was the director of the War Archives in Vienna. || The Military Frontier was a province straddling the southern borderland of the Habsburg Monarchy and later the Austrian and Austro-Hungarian Empire.,todo,
mh_cand_0025,5ab976225542996be2020507,"Who died at the oldest age, Ellen Heaton or John Ruskin?",Ellen Heaton,doc_ellen_heaton_e913ef85a1|doc_john_ruskin_d662510219,Ellen Heaton|John Ruskin,"Ellen Heaton (1816–1894) was a philanthropist and art collector in Leeds, best known for her patronage of and friendships with members and associates of the Pre-Raphaelite Brotherhood and the influential art critic John Ruskin. || John Ruskin (8 February 1819 – 20 January 1900) was the leading English art critic of the Victorian era, as well as an art patron, draughtsman, watercolourist, a prominent social thinker and philanthropist.",todo,
mh_cand_0026,5a87a0b45542996e4f30888b,What was the person who had a sidekick who the hosted nationally televised talent competition?,Johnny Carson,doc_ed_mcmahon_6eefc46928|doc_geechy_guy_c51fa0fbdb,Ed McMahon|Geechy Guy," He is probably best known for his appearances on ""Star Search"", the nationally televised talent competition hosted by Ed McMahon. ||  He is most famous for his thirty year run on NBC television as Johnny Carson's sidekick, announcer and second banana on ""The Tonight Show"" from 1962 through 1992 and on Carson's earlier ABC game show ""Who Do You Trust?",todo,
mh_cand_0027,5ae154bb55429901ffe4ae67,"Under which government did this Italian classical composer, conductor, and teacher that became a source of inspiration for ""A Little Nightmare Music"" pursue his career?",the Habsburg Monarchy,doc_a_little_nightmare_music_7cddf8977e|doc_antonio_salieri_475e3246e0,A Little Nightmare Music|Antonio Salieri," The opera is described as being ""based on a dream he had December 4, 1791, the night that Wolfgang Amadeus Mozart died and Antonio Salieri didn't."" || Antonio Salieri (] ; 18 August 17507 May 1825) was an Italian classical composer, conductor, and teacher. ||  He was born in Legnago, south of Verona, in the Republic of Venice, and spent his adult life and career as a subject of the Habsburg Monarchy.",todo,
mh_cand_0028,5a8a67b555429970aeb702cf,What disease was Kyle Broflovski infected with by one of his three friends?,HIV,doc_kyle_broflovski_3f10dd756a|doc_tonsil_trouble_61639412c6,Kyle Broflovski|Tonsil Trouble," In the episode, Cartman contracts HIV during a blood-transfusion. ||  When Kyle laughs at Cartman's misfortune, Cartman intentionally infects Kyle with his disease as well. ||  Kyle is one of the show's four central characters, along with his friends Stan Marsh, Kenny McCormick, and Eric Cartman.",todo,
mh_cand_0029,5abcd2ee5542993a06baf976,When was the Rihanna's single co-written by Takura Tendayi realeased?,"November 13, 2009",doc_takura_a50409d813|doc_wait_your_turn_4bac5bdf45,Takura|Wait Your Turn," shared stage with Ray Cee and also co-wrote Rihanna's 2009 single ""Wait Your Turn"" which alone has over seventeen million YouTube views and charted at number 45 in the UK Singles Chart. ||  ""Wait Your Turn"" was released on November 13, 2009 as the second international and third overall single from ""Rated R"".",todo,
mh_cand_0030,5ae139a955429901ffe4ae0d,Richard Siward resided at the castle just outside what Scottish town?,Arncroach,doc_kellie_castle_f77ea1551e|doc_richard_siward_d_1311_03d3cbc566,Kellie Castle|Richard Siward (d.1311),"Richard Siward (died 1311), Lord of Kellie, was a 13th-14th century Scottish noble. || Kellie Castle is a castle just outside Arncroach, about 5 kilometres north of Pittenweem in the East Neuk of Fife, Scotland.",todo,
mh_cand_0031,5a835dbd5542992ef85e2292,Which star of William Shakespeare's Romeo + Juliet movie was named one of the 100 most influential people in the world by Time magazine in 2012?,Claire Danes,doc_claire_danes_bbe7c4ca0e|doc_romeo_juliet_50d5de24e9,Claire Danes|Romeo + Juliet,"William Shakespeare's Romeo + Juliet (shortened to Romeo + Juliet) is a 1996 American romantic drama film directed, co-produced, and co-written by Baz Luhrmann, co-produced by Gabriella Martinelli, and co-written by Craig Pearce, being an adaptation and modernization of William Shakespeare's tragedy ""Romeo and Juliet"". ||  The film stars Leonardo DiCaprio and Claire Danes in the leading roles of Romeo and Juliet, who instantly fall in love when Romeo crashes a party and meets her, despite their being members of the Montague and Capulet family; Brian Dennehy, John Leguizamo, Pete Postlethwaite, Paul Sorvino, and Diane Venora star in supporting roles. ||  In 2012, ""Time"" named her one of the 100 most influential people in the world, and she was awarded a star on the Hollywood Walk of Fame in 2015.",todo,
mh_cand_0032,5ae73f805542991e8301cc3d,What company published Bop magazine?,The Laufer Company,doc_bop_magazine_9850f6ceb7|doc_tiger_beat_7c48346649,Bop (magazine)|Tiger Beat,"Bop magazine was a monthly American entertainment magazine for kids 10 years of age and teens. ||  It began publication in the summer of 1983 and was published by Laufer Media, which also publishes ""Tiger Beat"" magazine. || Tiger Beat is an American teen fan magazine originally published by The Laufer Company, and marketed primarily to adolescent girls.",todo,
mh_cand_0033,5ac43b035542995c82c4ad01,"Leonard Norman Wein, was an American comic book writer and editor best known for co-creating DC Comics' Swamp Thing and Marvel Comics' Wolverine, and was the editor for writer Alan Moore and illustrator Dave Gibbons' influential DC miniseries ""Watchmen"", Watchmen is an American comic-book limited series published by DC Comics, in which years?",1986 and 1987,doc_len_wein_9ad80ba37d|doc_watchmen_00b3023322,Len Wein|Watchmen," Additionally, he was the editor for writer Alan Moore and illustrator Dave Gibbons' influential DC miniseries ""Watchmen"". || Watchmen is an American comic-book limited series published by DC Comics in 1986 and 1987, and collected in 1987.",todo,
mh_cand_0034,5ae7ed935542993210983fc1,"In what year was the actor who was starred in ""Mogambo"" with Ave Gardner and Grace Kelly born?",1901,doc_clark_gable_c21c8b6ddb|doc_mogambo_39cac44431,Clark Gable|Mogambo,"Mogambo is a 1953 American Technicolor adventure/romantic drama film directed by John Ford and starring Clark Gable, Ava Gardner and Grace Kelly and featuring Donald Sinden. || William Clark Gable (February 1, 1901 – November 16, 1960) was an American film actor and military officer, often referred to as ""The King of Hollywood"" or just simply as ""The King"".",todo,
mh_cand_0035,5a8d8f4e554299441c6b9ffe,Tin Kai-Man was in what 2004 Hong King-Chinese martial arts gangster comedy film that was produced by Chui Po-chu and Jeffrey Lau?,Kung Fu Hustle,doc_kung_fu_hustle_84ff13269c|doc_tin_kai_man_6bdf1ca26f,Kung Fu Hustle|Tin Kai-man," Tin also worked with Chow on the actor and director's highly successful ""Kung Fu Hustle"". || Kung Fu Hustle is a 2004 Hong Kong-Chinese martial arts gangster comedy film, directed, co-produced and co-written by Stephen Chow, who also stars in the lead role. ||  The other producers were Chui Po-chu and Jeffrey Lau, and the screenplay was co-written with Huo Xin, Chan Man-keung, and Tsang Kan-cheung.",todo,
mh_cand_0036,5a7dcf765542990b8f503ac0,"Olivia Newton-John's song Magic was displaced from the top by Sailing, which is by what American singer-songwriter from San Antonio, Texas?",Christopher Cross,doc_christopher_cross_1b85d85051|doc_magic_olivia_newton_john_song_8b25652ed7,Christopher Cross|Magic (Olivia Newton-John song),"""Magic"" is a 1980 song performed by Olivia Newton-John, from the soundtrack to the film ""Xanadu"". ||  On August 30, it was displaced from the top by ""Sailing"" by Christopher Cross. || Christopher Cross (born Christopher Charles Geppert; May 3, 1951) is an American singer-songwriter from San Antonio, Texas.",todo,
mh_cand_0037,5a7cf29c55429909bec768b9,The Mann Center for the Performing Arts presened what American singer-songwriter born in 1972?,Jill Scott,doc_jill_scott_a56b6c606d|doc_mann_center_for_the_performing_arts_7a5d4d4da0,Jill Scott|Mann Center for the Performing Arts,"The Mann Center for the Performing Arts (formerly known as the Mann Music Center) is a nonprofit performing arts center located in the Centennial District of Philadelphia's West Fairmount Park, built in 1976 as the summer home for the Philadelphia Orchestra. ||  Major Philadelphia premieres have included the Israel Philharmonic Orchestra, Bolshoi Ballet and Orchestra’s production of Spartacus, and Britain’s Royal Ballet’s productions of Romeo and Juliet and Swan Lake. || Jill Scott (born April 4, 1972) is an American singer-songwriter, model, poet and actress.",todo,
mh_cand_0038,5adbd9fc5542996e6852525b,"The star of the series ""Gloria"" also did voice acting for which Disney animated series?",TaleSpin,doc_gloria_tv_series_9f71b3a201|doc_sally_struthers_8506e49b8e,Gloria (TV series)|Sally Struthers," The series starred Sally Struthers reprising her role as Gloria Stivic, the daughter of Archie Bunker on ""All in the Family"". ||  She was the voice of Charlene Sinclair on the ABC sitcom ""Dinosaurs"" and Rebecca Cunningham on the Disney animated series ""TaleSpin"".",todo,
mh_cand_0039,5ade0c9d5542995b365fabea,While in exile in Argentina Lorenzo Luzuriaga translated several works by a philosopher that died in what year?,1952,doc_john_dewey_db149c4fca|doc_lorenzo_luzuriaga_a5f4d01ab4,John Dewey|Lorenzo Luzuriaga," While in exile in Argentina following the Spanish Civil War, Luzuriaga translated several works by John Dewey and popularized the figure among progressives. || John Dewey ( ; October 20, 1859 – June 1, 1952) was an American philosopher, psychologist, and educational reformer whose ideas have been influential in education and social reform.",todo,
mh_cand_0040,5abbe0bf554299642a094b99,In what year did the American public-benefit company based in New York help crowd fund a Hidden Path Entertainment tower defense game?,2014,doc_defense_grid_2_7ebc44099c|doc_kickstarter_893e5d1b0f,Defense Grid 2|Kickstarter,"Defense Grid 2 is a 2014 tower defense video game developed by Hidden Path Entertainment and published by 505 Games. ||  As a sequel to the 2008 """", the game was crowd-funded on Kickstarter in 2012, and released on Windows, Xbox One, and PlayStation 4 on September 23, 2014. ||  Linux and OS X versions were released on October 15, 2014. || Kickstarter is an American public-benefit corporation based in Brooklyn, New York, that maintains a global crowdfunding platform focused on creativity.",todo,
mh_cand_0041,5adca8915542994ed6169bbd,Which 2007 action comedy film was Edgar Howard Wright  best known for,Hot Fuzz,doc_edgar_wright_489f211bda|doc_hot_fuzz_7af14ef47d,Edgar Wright|Hot Fuzz," He is best known for his comedic ""Three Flavours Cornetto"" film trilogy—comprising ""Shaun of the Dead"" (2004), ""Hot Fuzz"" (2007), and ""The World's End"" (2013)—made with recurrent collaborators Simon Pegg, Nira Park, and Nick Frost. || Hot Fuzz is a 2007 action comedy film directed by Edgar Wright, written by Wright and Simon Pegg, and starring Pegg and Nick Frost.",todo,
mh_cand_0042,5a8cda33554299585d9e3744,What league ranks higher than the one that Lewis Wing plays in?,Premier League,doc_efl_championship_b1e8712a20|doc_lewis_wing_0c8c37a33b,EFL Championship|Lewis Wing,"Lewis Wing (born 23 June 1995) is an English professional footballer who plays for EFL Championship club Middlesbrough, as an attacking midfielder. || The English Football League Championship (often referred to as the Championship for short or the Sky Bet Championship for sponsorship reasons) is the highest division of the English Football League and second-highest overall in the English football league system, after the Premier League.",todo,
mh_cand_0043,5ae3bc4d5542992e3233c467,"Roger Taylor and Alicia Molik, have which occupation in common?",tennis player,doc_alicia_molik_72a2937bac|doc_roger_taylor_tennis_c81f31a966,Alicia Molik|Roger Taylor (tennis),Roger Taylor MBE (born 14 October 1941) is a British former tennis player. || Alicia Molik (born 27 January 1981) is an Australian former professional tennis player.,todo,
mh_cand_0044,5a77bd195542992a6e59dfa8,Which sprinter won the 80 hurdles at the 1667 Mediterranean games in Tunisia?,Carla Panerai,doc_1967_mediterranean_games_2f99907182|doc_carla_panerai_ef9952a14b,1967 Mediterranean Games|Carla Panerai,"Carla Panerai (born 4 July 1947) is a retired Italian sprinter who won the 80 hurdles at the 1967 Mediterranean Games. || The fifth edition of the Mediterranean Games were held in Tunis, Tunisia from 8 September to 17 September 1967.",todo,
mh_cand_0045,5ab6a77055429953192ad353,What professional ice hockey team in the National Hockey League (NHL) selected Denis Carufel in the tenth round (162nd overall) of the 1974 NHL Amateur Draft?,Kansas City Scouts,doc_denis_carufel_3b03152739|doc_kansas_city_scouts_e1f7ce11fc,Denis Carufel|Kansas City Scouts,"Denis Carufel (born January 23, 1954) is a Canadian former ice hockey defenceman. ||  He was selected by the Kansas City Scouts in the tenth round (162nd overall) of the 1974 NHL Amateur Draft, and was also drafted by the Quebec Nordiques in the seventh round (98th overall) of the 1974 WHA Amateur Draft. || The Kansas City Scouts were a professional ice hockey team in the National Hockey League (NHL) from 1974 to 1976.",todo,
mh_cand_0046,5a73593a55429901807dafd5,"Which author of the series ""My America"", is also the author of the series ""Magic Tree House""?",Mary Pope Osborne,doc_magic_tree_house_90947c3b89|doc_my_america_c48dbfb5c6,Magic Tree House|My America, Each topic has three books and is authored by a different writer. || The Magic Tree House is an American series of children's books written by American author Mary Pope Osborne.,todo,
mh_cand_0047,5ae78a7f5542997ec272769b,The final stretch of the 2015 Chilean telethon was held at a stadium that has an official capacity of how much?,"48,665",doc_2015_chilean_telethon_8fc8b250ea|doc_estadio_nacional_julio_mart_nez_pr_danos_855d5d32b2,2015 Chilean telethon|Estadio Nacional Julio Martínez Prádanos," It was held from the Teatro Teletón from 22:00 on Friday, 27 November until 21:00 on Saturday November 28 and from Julio Martínez National Stadium from 22:00 in its final stretch. ||  It is the largest stadium in Chile with an official capacity of 48,665.",todo,
mh_cand_0048,5a773d5c55429966f1a36cc3,"Which of the members of the trio 3rdeyegirl, stylized as 3RDEYEGIRL, was a drummer and vocalist from Louisville, Kentucky?",Hannah Welton,doc_3rdeyegirl_a92a90483e|doc_hannah_welton_a0e430605b,3rdeyegirl|Hannah Welton,"3rdeyegirl, stylized as 3RDEYEGIRL, is an American band and was Prince's backing band from his 2014 return to Warner Music until his death in 2016. ||  It was a trio consisting of the American drummer Hannah Welton, Canadian guitarist Donna Grantis and Danish bassist Ida Kristine Nielsen. || Hannah Welton-Ford (born June 29, 1990) is an American musician, drummer and vocalist from Louisville, Kentucky.",todo,
mh_cand_0049,5a7f99ac55429969796c1add,Which alcoholic brand named after the man who rebuilt its business did Justin Timberlake sing about in 2015?,Jim Beam,doc_drink_you_away_099fcc3370|doc_jim_beam_7fda221690,Drink You Away|Jim Beam,"""Drink You Away"" is a song recorded by American singer and songwriter Justin Timberlake for his fourth studio album, ""The 20/20 Experience – 2 of 2"" (2013). ||  Lyrically, on the track, Timberlake compares love to alcoholism while making references to several alcoholic brands including Jack Daniel's and Jim Beam. || Jim Beam is a brand of bourbon whiskey produced in Clermont, Kentucky, by Beam Suntory, a subsidiary of Suntory Holdings of Osaka, Japan. ||  Since 1795 (interrupted by Prohibition), seven generations of the Beam family have been involved in whiskey production for the company that produces the brand, which was given the name ""Jim Beam"" in 1933 in honor of James B. Beam, who rebuilt the business after Prohibition ended.",todo,
mh_cand_0050,5a8c77de554299653c1aa082,Thomas Seller Wallace was shot in the chest by one of the fugitives in the incident on the outskirts of this town located how far west of Calgary?,126 km,doc_banff_alberta_6ca2396ef1|doc_thomas_seller_wallace_92a78555ac,"Banff, Alberta|Thomas Seller Wallace"," On 8 October 1935, Wallace was shot in the chest by one of the fugitives in the incident on the outskirts of Banff, Alberta, succumbing to his wounds later that day. ||  It is located in Alberta's Rockies along the Trans-Canada Highway, approximately 126 km west of Calgary and 58 km east of Lake Louise.",todo,
mh_cand_0051,5ae60d31554299546bf8303d,Which largest city of the Indian state of Rajasthan in Western India is the capital of Rajasthan,Jaipur,doc_government_of_rajasthan_84b89c5f62|doc_jaipur_ae3278311f,Government of Rajasthan|Jaipur," Jaipur is the capital of Rajasthan, and houses the Vidhan Sabha (Legislative Assembly) and the secretariat. || Jaipur ( ) is the capital and the largest city of the Indian state of Rajasthan in Western India.",todo,
mh_cand_0052,5add33525542994ed6169cd3,"Who was the first editor of the magazine in which ""The Gingerbread Man"" was published?",Mary Mapes Dodge,doc_st_nicholas_magazine_82d161ad7e|doc_the_ginger_bread_boy_55d0d40614,St. Nicholas Magazine|The Ginger Bread Boy," The story mentioned in the cartoon is based on ""The Gingerbread Man"", published in ""St. Nicholas Magazine"" magazine in 1875. ||  The first editor was Mary Mapes Dodge, who continued her association with the magazine until her death in 1905.",todo,
mh_cand_0053,5ac2da0d55429921a00ab074,"Who was the director of the 2002 motion picture drama which featured John Hiatt's ""Slow Turning""?",John Lee Hancock,doc_slow_turning_303ec1d77b|doc_the_rookie_2002_film_fcd483e5e1,Slow Turning|The Rookie (2002 film)," The single ""Slow Turning"" was also featured in the 2002 motion picture drama the ""The Rookie"" which starred Dennis Quaid. || The Rookie is a 2002 sports drama film directed by John Lee Hancock and produced by Walt Disney Pictures.",todo,
mh_cand_0054,5abbc6405542992ccd8e7f97,"Who released more EPs, Godsmack or Sloan?",Sloan,doc_godsmack_d12796a4f2|doc_sloan_band_5b152cc0f4,Godsmack|Sloan (band)," Since its formation, Godsmack has released six studio albums, one EP (""The Other Side""), four DVDs, one compilation album (""Good Times, Bad Times... Ten Years of Godsmack""), and one live album (""Live and Inspired""). || Sloan is a Toronto-based rock/power pop quartet from Halifax, Nova Scotia.",todo,
mh_cand_0055,5a7c31325542990527d55474,Little Leaper and the world's oldest rollercoaster are attractions at Lakemont Park in which U.S. state?,Pennsylvania,doc_lakemont_park_378ae49765|doc_little_leaper_e1d4fdc549,Lakemont Park|Little Leaper,"Little Leaper is a steel roller coaster at Lakemont Park in Altoona, Pennsylvania. || Lakemont Park, located in Altoona, Pennsylvania, houses the world's oldest-surviving roller coaster, the Leap-The-Dips.",todo,
mh_cand_0056,5a8a698255429930ff3c0dcf,In what year was the company that co-developed and distributed the BlackBerry DTEK60 founded?,1984,doc_blackberry_dtek60_f42b2e7ace|doc_blackberry_limited_76655c5a66,BlackBerry DTEK60|BlackBerry Limited,"BlackBerry DTEK60 is an Android smartphone co-developed and distributed by BlackBerry Limited, and manufactured by TCL. ||  BlackBerry was founded in 1984 as Research In Motion by Mike Lazaridis and Douglas Fregin.",todo,
mh_cand_0057,5ab269a85542993be8fa990c,"No More Mr. Nice Guy features what American country music singer who wrote for Montomery Gentry and Tim McGraw, and was born when?","August 27, 1961",doc_jeffrey_steele_d5fe9da7ee|doc_no_more_mr_nice_guy_steve_wariner_album_9811db533f,Jeffrey Steele|No More Mr. Nice Guy (Steve Wariner album)," This song features former Pearl River member Derek George (who would later go on to found the band Williams Riley), former Boy Howdy member Jeffrey Steele, as well as Bryan White and Bryan Austin. || Jeffrey LeVasseur (born August 27, 1961) is an American country music singer and songwriter, more commonly known by the name Jeffrey Steele. ||  Along with recording his own material, Steele has become a prolific Nashville songwriter, having co-written more than sixty hit songs for such artists as Montgomery Gentry, Tim McGraw, Faith Hill, LeAnn Rimes, Rascal Flatts, Billy Ray Cyrus, and others.",todo,
mh_cand_0058,5ae52d335542990ba0bbb1e8,Who directed the 2014 film in which Isobelle Molloy had her film debut?,Robert Stromberg,doc_isobelle_molloy_b46edca521|doc_maleficent_film_bcdacef78a,Isobelle Molloy|Maleficent (film)," She had her film debut as Young Maleficent in the 2014 Disney fantasy film, ""Maleficent"". || Maleficent is a 2014 American dark fantasy film directed by Robert Stromberg from a screenplay by Linda Woolverton, and starring Angelina Jolie as the titular character with Sharlto Copley, Elle Fanning, Sam Riley, Imelda Staunton, Juno Temple, and Lesley Manville in supporting roles.",todo,
mh_cand_0059,5ab66b135542995eadeeffc2,"Which singer-songwriter is known as Mr. Biggs, Joe Elliott or Ronald Isley?",Ronald Isley,doc_joe_elliott_048bcdbaaf|doc_ronald_isley_d62ea80d70,Joe Elliott|Ronald Isley,"Joseph Thomas Elliott Jr. (born 1 August 1959) is an English singer-songwriter and musician, best known as the lead singer of the English rock band Def Leppard. || Ronald Isley ( ; born May 21, 1941) also known as Ron Isley and Mr. Biggs, is an American recording artist, songwriter, record producer, and occasional actor.",todo,
mh_cand_0060,5ab28e3f554299722f9b4d5a,How many members are in the Party that Jack Eddington is a member of as of October 2010?,"426,005 members",doc_independence_party_of_new_york_873c8a9d16|doc_jack_eddington_0ebc0f435b,Independence Party of New York|Jack Eddington," Eddington is a member of the Independence Party. ||  As of October 2010, there were 426,005 members statewide.",todo,
mh_cand_0061,5a8006265542992097ad2fce,"What actress appeared on ""The Sing-Off"" before her role in the film directed and co-produced by Elizabeth Banks?",Kelley Jakle,doc_kelley_jakle_d5ad54702d|doc_pitch_perfect_2_4ef0fa5623,Kelley Jakle|Pitch Perfect 2,"Pitch Perfect 2 is a 2015 American musical comedy film directed and co-produced by Elizabeth Banks and written by Kay Cannon. ||  The film features an ensemble cast, including Anna Kendrick, Rebel Wilson, Hailee Steinfeld, Brittany Snow, Alexis Knapp, Hana Mae Lee, Ester Dean, Chrissie Fit, Kelley Jakle and Shelley Regner as The Bellas. ||  She is also known for her appearances on the first and second seasons of ""The Sing-Off"" in 2009 and 2010.",todo,
mh_cand_0062,5ac494b15542997ea680ca89,"What is the author of the upcoming 2017 epic fantasy novel, ""Oathbringer"", best known for?",the Cosmere universe,doc_brandon_sanderson_7ab46d1810|doc_oathbringer_dddb8bd8d1,Brandon Sanderson|Oathbringer,"Oathbringer is an upcoming 2017 epic fantasy novel written by American author Brandon Sanderson and the third book in ""The Stormlight Archive"" series. ||  He is best known for the Cosmere universe, in which all his adult fantasy books most notably the ""Mistborn"" series and ""The Stormlight Archive"", are set; and his work in finishing Robert Jordan's epic fantasy series ""The Wheel of Time"".",todo,
mh_cand_0063,5a7f3ea355429934daa2fd3e,"Which singer began as a solo artist, Lee Gi-kwang or Natalie Merchant?",Lee Gi-kwang,doc_lee_gi_kwang_692f507859|doc_natalie_merchant_8e12297cdc,Lee Gi-kwang|Natalie Merchant,"Lee Gi-kwang (Korean: 이기광 ; born March 30, 1990), known professionally as Gikwang or Kikwang, is a South Korean singer-songwriter and actor. ||  He originally debuted as solo singer with the stage name AJ (Ace Junior), releasing his first mini album ""First Episode: A New Hero"" on April 4, 2009. ||  She joined the American alternative/folk rock band 10,000 Maniacs in 1981 and left it to begin her solo career in 1993.",todo,
mh_cand_0064,5ae687635542996d980e7be6,Who directed the 2015 film in which Alia Shawkat plays Gertie Michaels?,Todd Strauss-Schulson,doc_alia_shawkat_4739f7a9a5|doc_the_final_girls_2d749bafdb,Alia Shawkat|The Final Girls," She starred as Maeby Fünke in the Fox/Netflix television series ""Arrested Development"" (2003–2006; 2013–present), and as Gertie Michaels in the 2015 horror-comedy film ""The Final Girls"". || The Final Girls is a 2015 American slasher comedy film, directed by Todd Strauss-Schulson and written by M.A. Fortin and Joshua John Miller.",todo,
mh_cand_0065,5ae838335542997ec272777a,"Who directed Revolver, the 2005 crime thriller starring the English actor Jason Statham?",Guy Ritchie,doc_jason_statham_c049858b8e|doc_revolver_2005_film_5de704ec1f,Jason Statham|Revolver (2005 film),"Revolver is a 2005 British-French crime thriller film co-written and directed by Guy Ritchie and starring Jason Statham, Ray Liotta, Vincent Pastore and André Benjamin. || Jason Statham ( born 26 July 1967) is an English actor, and a former model and competitive diver.",todo,
mh_cand_0066,5ae356585542992f92d82292,Snow White and the Seven Dwarfs was a ballet rising from the success of the ballet composed by whom?,Sergei Prokofiev,doc_cinderella_prokofiev_72b518ea8b|doc_snow_white_and_the_seven_dwarfs_ballet_741dbff1d7,Cinderella (Prokofiev)|Snow White and the Seven Dwarfs (ballet),"Snow White and the Seven Dwarfs is a non-traditional modern ballet rising from the success of other fairytale ballets such as ""Cinderella"", ""Coppélia"", and ""Alice in Wonderland"". || Cinderella (Russian: Золушка , ""Zolushka""; French: ""Cendrillon"") Op. 87, is a ballet composed by Sergei Prokofiev to a scenario by Nikolai Volkov.",todo,
mh_cand_0067,5ac077655542996f0d89cbe4,"The Blink-182 song ""Ghost on the Dance Floor"" was speculated to be inspired by the death of a DJ that died in what year?",2009,doc_dj_am_b895bec053|doc_ghost_on_the_dance_floor_d3d49dfac0,DJ AM|Ghost on the Dance Floor," The song was speculated to be inspired by the death of Barker's close friend and collaborator Adam Goldstein (DJ AM). || DJ AM (born Adam Michael Goldstein; March 30, 1973 – August 28, 2009) was an American disc jockey (DJ).",todo,
mh_cand_0068,5a7c392855429935c91b5133,What nationality are both Andy Bakjian and Richard C. Sarafian?,American,doc_andy_bakjian_f5ea1a6621|doc_richard_c_sarafian_ab73ece592,Andy Bakjian|Richard C. Sarafian,"Andy Bakjian (August 20, 1914 – February 26, 1986) was a Hall of Fame Track and Field official and author on the subject. || Richard Caspar Sarafian (April 28, 1930 – September 18, 2013) was an American television and film director and actor.",todo,
mh_cand_0069,5a8113d455429938b61422ac,"What multi-purpose arena in Southaven, Mississippi is the home of the Memphis Hustle and the Mississippi RiverKings?",The Landers Center,doc_landers_center_3ab76f4674|doc_memphis_hustle_cb84e604f6,Landers Center|Memphis Hustle,"The Memphis Hustle are an American professional basketball team of the NBA G League announced to begin play for the 2017–18 season as an affiliate of the Memphis Grizzlies of the National Basketball Association (NBA). ||  Based in the Memphis suburb of Southaven, Mississippi, the team will play their home games at the Landers Center. || The Landers Center is an 8,400-seat multi-purpose arena in Southaven, Mississippi. ||  It is home to the Mississippi RiverKings, a team in the Southern Professional Hockey League.",todo,
mh_cand_0070,5ac3f83b554299204fd21ee5,"Grinderman and DIIV, are bands of which mutual genre?",rock,doc_diiv_58473c83c8|doc_grinderman_7a8e0f027f,DIIV|Grinderman,"Grinderman was an Australian-British rock band that formed in London, United Kingdom, in 2006. || DIIV is an American rock band from Brooklyn, New York City, formed in 2011.",todo,
mh_cand_0071,5ac194dc5542994ab5c67d85,"The Mitchell County School District is a public school district in Mitchell County, Georgia, based in Camilla, a city in Mitchell County, Georgia, and is its county seat, is in which country?",United States,doc_camilla_georgia_e33949341c|doc_mitchell_county_school_district_778a1f1eeb,"Camilla, Georgia|Mitchell County School District","The Mitchell County School District is a public school district in Mitchell County, Georgia, United States, based in Camilla. || Camilla is a city in Mitchell County, Georgia, United States, and is its county seat.",todo,
mh_cand_0072,5a7a8ad75542995eb53be861,"Which magazine came out first, Architectural Digest or Human Rights Quarterly?",Architectural Digest,doc_architectural_digest_25c8a0eee2|doc_human_rights_quarterly_a1b4abd57f,Architectural Digest|Human Rights Quarterly,Architectural Digest is an American monthly magazine founded in 1920. || Human Rights Quarterly (HRQ) is a quarterly academic journal founded by Richard Pierre Claude in 1982 covering human rights.,todo,
mh_cand_0073,5a90c3bf55429916514e7562,"The 1996 Australian Grand Prix was a Formula One motor race held on 10 March 1996, at Melbourne, this was the debut race of the future world champion Jacques Joseph Charles Villeneuve, a Canadian professional auto racing driver and amateur musician, and is the son of which Formula One driver?",Gilles Villeneuve,doc_1996_australian_grand_prix_42e3eb7e94|doc_jacques_villeneuve_6d13c791a2,1996 Australian Grand Prix|Jacques Villeneuve," This was the debut race of the future world champion Jacques Villeneuve. ||  He is the son of Formula One driver Gilles Villeneuve, and is the namesake of his uncle, who was also a racer.",todo,
mh_cand_0074,5a876e5b5542996e4f3087ee,Which cast member of Exit 57 also appears on BoJack Horseman ?,Amy Sedaris,doc_amy_sedaris_aadf1f5842|doc_exit_57_21c5b0ed82,Amy Sedaris|Exit 57,"Exit 57 is a 30-minute sketch comedy series that aired on the American television channel Comedy Central from 1995 to 1996; its cast was composed of comedians Amy Sedaris, Paul Dinello, Stephen Colbert, Jodi Lennon, and Mitch Rouse, all of whom had previously studied improv at The Second City in Chicago. ||  Since 2014, Sedaris has voiced the character Princess Carolyn in the Netflix animated series ""BoJack Horseman"".",todo,
mh_cand_0075,5a8f4e525542992414482a2f,"What area of Hong Kong is in the northern part of Mong Kok, where the north end of Canton Road terminates?",the Prince Edward area,doc_canton_road_7ef6e0149a|doc_mong_kok_8971576aad,Canton Road|Mong Kok, It starts from the junction with Salisbury Road in the south and ends in the north at the junction with Lai Chi Kok Road in the Prince Edward area. ||  The Prince Edward area occupies the northern part of Mong Kok.,todo,
mh_cand_0076,5ab3d9c355429976abd1bcb4,Which opera did this American composer and pianist whose Broadway show songs were included in The Passing Show of 1916 compose?,Porgy and Bess,doc_george_gershwin_7d55849349|doc_the_passing_show_of_1916_b5a9422e5a,George Gershwin|The Passing Show of 1916," It included the first George Gershwin songs introduced in a Broadway show. || George Jacob Gershwin ( ; September 26, 1898 July 11, 1937) was an American composer and pianist. ||  Among his best-known works are the orchestral compositions ""Rhapsody in Blue"" (1924) and ""An American in Paris"" (1928) as well as the opera ""Porgy and Bess"" (1935).",todo,
mh_cand_0077,5a7325ba5542992359bc3249,"What is the clock tower situated outside Dolmabahçe Palace in Istanbul, Turkey called,  Dolmabahçe Clock Tower or Yoros Castle?",Dolmabahçe Clock Tower,doc_dolmabah_e_clock_tower_d111e6836e|doc_yoros_castle_6b592f03a8,Dolmabahçe Clock Tower|Yoros Castle,"Dolmabahçe Clock Tower (Turkish: ""Dolmabahçe Saat Kulesi"" ) is a clock tower situated outside Dolmabahçe Palace in Istanbul, Turkey. || Yoros Castle (Turkish: ""Yoros kalesi"" ) is a Byzantine ruined castle at the confluence of the Bosphorus and the Black Sea, to the north of Joshua's Hill, in Istanbul, Turkey.",todo,
mh_cand_0078,5ae753715542997b22f6a6d9,40 Pounds of Trouble is a retelling of the story by the newspaperman of what nationality?,American,doc_40_pounds_of_trouble_c7fc92179a|doc_damon_runyon_8e14f425a1,40 Pounds of Trouble|Damon Runyon," It is a retelling of Damon Runyon's story ""Little Miss Marker"". || Alfred Damon Runyon (October 4, 1880 – December 10, 1946) was an American newspaperman and short story writer.",todo,
mh_cand_0079,5a7eb87f55429934daa2fc4f,The 2000 United States Senate election winner later resigned amid what investigation?,Senate Ethics Committee investigation,doc_john_ensign_1f792a1d1a|doc_united_states_senate_election_in_nevada_2000_7900bb56b2,"John Ensign|United States Senate election in Nevada, 2000"," Incumbent Democrat Richard Bryan decided to retire, instead of seeking a third term. ||  He resigned amid a Senate Ethics Committee investigation.",todo,
mh_cand_0080,5a77601e5542994aec3b72bc,"Which breed was originally from Brittany, a historical kingdom of France, Old English Terrier or Basset Fauve de Bretagne?",Basset Fauve de Bretagne,doc_basset_fauve_de_bretagne_588e406334|doc_old_english_terrier_6b49f35320,Basset Fauve de Bretagne|Old English Terrier,"The Old English Terrier is a dog breed of the terrier type. || The Basset Fauve de Bretagne is a short-legged hunting breed of dog of the scent hound type, originally from Brittany, a historical kingdom of France.",todo,
mh_cand_0081,5ae69eac5542996d980e7c63,Which rock music fusion genre is adopted by Christian metal band Embodyment on their fourth album?,Alternative metal,doc_alternative_metal_63537f4935|doc_songs_for_the_living_20ba070019,Alternative metal|Songs for the Living,"Songs for the Living is the fourth album by the Christian metal band Embodyment. ||  The album was the biggest departure from the band's original Death metal/deathcore sound, the album being more of an Alternative metal. || Alternative metal (also known as alt-metal) is a rock music fusion genre that infuses heavy metal with influences from alternative rock and other genres not normally associated with metal.",todo,
mh_cand_0082,5a8f75615542995b44242048,"Kevin Stanley Beeston FCMA is chairman of Taylor Wimpey plc and Equiniti Group plc, Senior Independent Director of Severn Trent plc, Non-Executive Director of which British brewery and pub operator, that it operates over 1,700 pubs in the UK, and is the world's largest brewer of cask ale?",Marston Group Limited,doc_kevin_beeston_cbd0f8cc9f|doc_marston_s_brewery_8b424245e5,Kevin Beeston|Marston's Brewery,"Kevin Stanley Beeston FCMA is chairman of Taylor Wimpey plc and Equiniti Group plc, Senior Independent Director of Severn Trent plc, Non-Executive Director of Marston Group Limited and a director of the Premier League. || Marston's is a British brewery and pub operator.",todo,
mh_cand_0083,5a7ac38f55429927d897bf0c,"Between Darwin's Nightmare and The Cove, which film was released earlier?",Darwin's Nightmare,doc_darwin_s_nightmare_e05aa71593|doc_the_cove_film_4ce45157c4,Darwin's Nightmare|The Cove (film),"Darwin's Nightmare is a 2004 Austrian-French-Belgian documentary film written and directed by Hubert Sauper, dealing with the environmental and social effects of the fishing industry around Lake Victoria in Tanzania. || The Cove is a 2009 documentary film directed by Louie Psihoyos which analyzes and questions dolphin hunting practices in Japan.",todo,
mh_cand_0084,5ab5aad65542992aa134a37c,What Italian pop music duo stared in the 1968 film L'oro del mondo directed by Aldo Grimaldi?,Al Bano and Romina Power,doc_al_bano_and_romina_power_8e0c7aa450|doc_l_oro_del_mondo_1f90cf492c,Al Bano and Romina Power|L'oro del mondo,"L'oro del mondo (Italian for ""The gold of the world"") is a 1968 Italian musicarello film directed by Aldo Grimaldi and starring Al Bano and Romina Power. || Al Bano and Romina Power are an Italian pop music duo formed in 1975 by then-married couple Albano Carrisi and Romina Power.",todo,
mh_cand_0085,5ae0c13a5542993d6555ec40,What is the area code of the British Overseas Territory in the Caribbean?,284,doc_area_code_284_4017c35680|doc_british_virgin_islands_1fc1b5b29c,Area code 284|British Virgin Islands,"Area code 284 is the local telephone area code of the British Virgin Islands (BVI). || The British Virgin Islands (BVI), officially simply ""Virgin Islands"", are a British Overseas Territory in the Caribbean, to the east of Puerto Rico.",todo,
mh_cand_0086,5ae4b68355429970de88da02,When was the Canadian professional ice hockey left winger who was sent to Buffalo Sabres born,"August 2, 1991",doc_evander_kane_2bcafbd32e|doc_jack_roslovic_90e2eaacaa,Evander Kane|Jack Roslovic," The Jets acquired the draft pick in a trade that sent Evander Kane and Zach Bogosian to the Buffalo Sabres in exchange for Tyler Myers, Drew Stafford, Joel Armia, and Brendan Lemieux. || Evander Frank Kane (born August 2, 1991) is a Canadian professional ice hockey left winger currently playing for the Buffalo Sabres of the National Hockey League (NHL).",todo,
mh_cand_0087,5ae212d4554299495565d9e0,"The first major project for the Roller Coaster Corporation of America was renamed, and is now called what?",Iron Rattler,doc_iron_rattler_1de2147b7f|doc_roller_coaster_corporation_of_america_dbcc0b9700,Iron Rattler|Roller Coaster Corporation of America,"Roller Coaster Corporation of America (abbreviated RCCA) is an amusement ride manufacturer based in the United States. ||  The company's first major project was the Rattler at Six Flags Fiesta Texas in 1992, while their most famous coaster was the Son of Beast at Kings Island, the world's tallest and first looping wooden coaster when it opened in 2000. || Iron Rattler is a steel roller coaster located at Six Flags Fiesta Texas in San Antonio, Texas. ||  The ride opened in 2013, replacing The Rattler, a wooden roller coaster, by putting a new steel track on top of The Rattler's wooden support structure. ||  The distance between the lowest and highest points of the first drop was increased from 124 to and the drop was made steeper by changing the angle to 81 degrees. ||  The resulting modifications increased the speed of the trains from 65 to .",todo,
mh_cand_0088,5a7176715542994082a3e845,What century was Konstantin Somov born into a family of a Hermitage Museum curator?,18th-century,doc_hermitage_museum_1443bccb88|doc_konstantin_somov_fb92c94c82,Hermitage Museum|Konstantin Somov," Born into a family of a major art historian and Hermitage Museum curator Andrey Ivanovich Somov, he became interested in 18th-century art and music at an early age. ||  It has been open to the public since 1852.",todo,
mh_cand_0089,5adf353e5542993a75d26426,Where did Kent Patterson play his home games until he became a free agent?,Intrust Bank Arena,doc_kent_patterson_454e0d85ef|doc_wichita_thunder_ff5357fd36,Kent Patterson|Wichita Thunder,"Kent Patterson (born September 15, 1989) is an American professional ice hockey goaltender. ||  In January 2010 (the second half of the 2009–10 season), the team began playing its home games at the newly built Intrust Bank Arena.",todo,
mh_cand_0090,5abdb12e55429965af743dcb,Li Fanghua is an editor of what peer reviewed journal of physics?,Chinese Journal of Physics,doc_chinese_journal_of_physics_75e5132659|doc_li_fanghua_4a2e40951e,Chinese Journal of Physics|Li Fanghua," She is also the director of Chinese Society of Physics and China Union of Crystallography, and an editor of the ""Journal of Chinese Electron Microscopy Society"", ""J. Electron Microscopy"", ""Chinese Physics Letter"", and ""Chinese Journal of Physics"". || The Chinese Journal of Physics is a peer reviewed journal of physics.",todo,
