question_id,task_type,subtype,split,quality_checked,candidate_id,source_hotpot_id,source_status,check_status,question,gold_documents,notes
sf_0001,semantic_fact,semantic_rewrite,final,True,sf_cand_0001,5abfe2ab5542997d6429591d,accepted,accepted_llm_verified,"Which company owns Western Star Trucks Sales, Inc.?",doc_western_star_trucks_d621a6efc5,
sf_0002,semantic_fact,semantic_rewrite,final,True,sf_cand_0002,5a88722455429938390d3f6a,accepted,accepted_llm_verified,"How long is the Central Arizona Project canal located in Arizona, United States?",doc_central_arizona_project_f22326a0ec,
sf_0003,semantic_fact,semantic_rewrite,final,True,sf_cand_0003,5a828ebb55429940e5e1a8f6,accepted,accepted_llm_verified,"What are the professions of Sripathi Panditaradhyula Balasubrahmanyam, who was born on 4 June 1946?",doc_s_p_balasubrahmanyam_69e87a533e,
sf_0004,semantic_fact,semantic_rewrite,final,True,sf_cand_0005,5ae107f65542990adbacf707,accepted,accepted_llm_verified,"Who released the Teddy Boy EP, and when was it released?",doc_teddy_boy_ep_e387c9e76c,
sf_0005,semantic_fact,semantic_rewrite,final,True,sf_cand_0006,5adfbbb355429942ec259b25,accepted,accepted_llm_verified,Where is the main campus of Anna University located?,doc_anna_university_275a1e38b1,
sf_0006,semantic_fact,semantic_rewrite,final,True,sf_cand_0007,5ac14fef5542991316484aed,accepted,accepted_llm_verified,Where was Pranitha Vardhineni selected to after her notable win?,doc_pranitha_vardhineni_84898dbd5c,
sf_0007,semantic_fact,semantic_rewrite,final,True,sf_cand_0009,5abaafc555429901930fa899,accepted,accepted_llm_verified,Which congressional district did John E. Sweeney represent as a Republican in the U.S. House of Representatives?,doc_john_e_sweeney_1c22329c68,
sf_0008,semantic_fact,semantic_rewrite,final,True,sf_cand_0012,5a7f883e5542995d8a8dde99,accepted,accepted_llm_verified,What was the publication period of the Australian Woman's Mirror?,doc_australian_woman_s_mirror_e436c958be,
sf_0009,semantic_fact,semantic_rewrite,final,True,sf_cand_0013,5a8744a95542994846c1cd41,accepted,accepted_llm_verified,Which filmmaker directed the documentary that received a Best Documentary Academy Award nomination?,doc_4_little_girls_d5a9efb5c7,
sf_0010,semantic_fact,semantic_rewrite,final,True,sf_cand_0014,5a7f387755429934daa2fd23,accepted,accepted_llm_verified,What is Ray McKinnon's profession?,doc_ray_mckinnon_actor_bc10b8cb9a,
sf_0011,semantic_fact,semantic_rewrite,final,True,sf_cand_0015,5a8c5127554299240d9c210d,accepted,accepted_llm_verified,What is C. H. Greenblatt's profession in the field of animation?,doc_c_h_greenblatt_36dff09626,
sf_0012,semantic_fact,semantic_rewrite,final,True,sf_cand_0016,5ae35f555542991a06ce99a5,accepted,accepted_llm_verified,"Who founded Sabian Cymbals, the second largest cymbal manufacturer globally?",doc_robert_zildjian_b2fe2ea4ef,
sf_0013,semantic_fact,semantic_rewrite,final,True,sf_cand_0017,5a895da5554299669944a51f,accepted,accepted_llm_verified,Which musical duo released the album 'In Our Image' in 1966?,doc_in_our_image_17e11c67bd,
sf_0014,semantic_fact,semantic_rewrite,final,True,sf_cand_0021,5ae12d6155429901ffe4adcf,accepted,accepted_llm_verified,Which fighters has Cheick Kongo secured notable wins against?,doc_cheick_kongo_1b1d8a983d,
sf_0015,semantic_fact,semantic_rewrite,final,True,sf_cand_0022,5a7e6f825542991319bc94b2,accepted,accepted_llm_verified,Who was Adolf Hitler's longtime companion and briefly his wife before their deaths in 1945?,doc_eva_braun_03eb78b743,
sf_0016,semantic_fact,semantic_rewrite,final,True,sf_cand_0023,5add6e9c5542995b365fab2d,accepted,accepted_llm_verified,Where and when did the 2005 KNVB Cup Final take place?,doc_2005_knvb_cup_final_fafc8df69f,
sf_0017,semantic_fact,semantic_rewrite,final,True,sf_cand_0024,5adf68505542995ec70e8ff2,accepted,accepted_llm_verified,"What is the relationship between Mozart's 1789 composition 'Der Messias, K. 572' and Handel's 1741 oratorio 'Messiah'?",doc_der_messias_56541f8129,
sf_0018,semantic_fact,semantic_rewrite,final,True,sf_cand_0026,5ac1a1e45542991316484b6e,accepted,accepted_llm_verified,Where is Cabañeros National Park located?,doc_caba_eros_national_park_df1530647c,
sf_0019,semantic_fact,semantic_rewrite,final,True,sf_cand_0027,5ae14cd555429920d52343bd,accepted,accepted_llm_verified,What is the release year and genre of the South Korean film starring Lee Byung-hun and directed by Kim Jee-woon?,doc_a_bittersweet_life_568d3cd7ef,
sf_0020,semantic_fact,semantic_rewrite,final,True,sf_cand_0029,5a717a865542994082a3e84f,accepted,accepted_llm_verified,Who co-wrote the screenplay for the film Twenty-One with Don Boyd?,doc_twenty_one_1991_film_404a436ea8,
sf_0021,semantic_fact,semantic_rewrite,final,True,sf_cand_0030,5ac4e13c55429919431739ed,accepted,accepted_llm_verified,How did Gandhi contribute to India's independence and global civil rights movements?,doc_mahatma_gandhi_6365cc2174,
sf_0022,semantic_fact,semantic_rewrite,final,True,sf_cand_0031,5a774a065542994aec3b7271,accepted,accepted_llm_verified,When is the annual Harlem Oliver Hardy Festival held each year?,doc_harlem_georgia_4c6434d6ae,
sf_0023,semantic_fact,semantic_rewrite,final,True,sf_cand_0032,5a88f4a955429938390d4000,accepted,accepted_llm_verified,"What year was the action adventure film based on the ""Tomb Raider"" video game series, starring Lara Croft, released?",doc_lara_croft_tomb_raider_the_cradle_of_life_49274f56ac,
sf_0024,semantic_fact,semantic_rewrite,final,True,sf_cand_0034,5a714b135542994082a3e786,accepted,accepted_llm_verified,What do the lyrics of the song 'Up with the White and Gold' reference regarding the University of Georgia?,doc_up_with_the_white_and_gold_29819a99f2,
sf_0025,semantic_fact,semantic_rewrite,final,True,sf_cand_0035,5ae0fdf15542997b2ef7d0d1,accepted,accepted_llm_verified,Where can Pinocchio's Daring Journey be found?,doc_pinocchio_s_daring_journey_37af01d8c6,
sf_0026,semantic_fact,semantic_rewrite,final,True,sf_cand_0036,5a8fc1ca55429918e830d2cb,accepted,accepted_llm_verified,Where was Ernest J. Schmidt born?,doc_ernest_schmidt_58be14bec9,
sf_0027,semantic_fact,semantic_rewrite,final,True,sf_cand_0039,5ab1ea0a554299340b525429,accepted,accepted_llm_verified,What significant contribution did Joseph Ray Watkins make to the direct sales industry?,doc_joseph_ray_watkins_a6b11943d4,
sf_0028,semantic_fact,semantic_rewrite,final,True,sf_cand_0040,5a907f3e55429933b8a2052c,accepted,accepted_llm_verified,What are some films that American actress Emily Peachey is known for?,doc_emily_peachey_0c3d40a18d,
sf_0029,semantic_fact,semantic_rewrite,final,True,sf_cand_0043,5a8f8228554299458435d662,accepted,accepted_llm_verified,What type of organization is the Judicial Crisis Network and what was its original name when founded in 2005?,doc_judicial_crisis_network_8997533544,
sf_0030,semantic_fact,semantic_rewrite,final,True,sf_cand_0044,5ae3bc175542992e3233c466,accepted,accepted_llm_verified,Which publisher releases American comic books featuring the fictional character Loki?,doc_loki_comics_0e3b8484f3,
sf_0031,semantic_fact,semantic_rewrite,final,True,sf_cand_0046,5ae7802c5542997ec272766f,accepted,accepted_llm_verified,"Who wrote the comedy The Taming of the Shrew, and during which years was it believed to have been written?",doc_the_taming_of_the_shrew_e207d2f917,
sf_0032,semantic_fact,semantic_rewrite,final,True,sf_cand_0047,5a794f1b55429970f5fffe94,accepted,accepted_llm_verified,When was Kristina Mladenovic born?,doc_kristina_mladenovic_8f3df0ae56,
sf_0033,semantic_fact,semantic_rewrite,final,True,sf_cand_0051,5a83335d55429954d2e2ec59,accepted,accepted_llm_verified,Which river is the Crocs River a tributary of?,doc_crocs_river_8445db32f1,
sf_0034,semantic_fact,semantic_rewrite,final,True,sf_cand_0052,5ae61a315542996de7b71b5c,accepted,accepted_llm_verified,Where is the Neolithic archaeological site of Beidha located in relation to Petra?,doc_beidha_archaeological_site_e311bb301b,
sf_0035,semantic_fact,semantic_rewrite,final,True,sf_cand_0053,5a8b3c8d55429971feec4685,accepted,accepted_llm_verified,"Where did the film win the award for ""Best Film"" in 2004?",doc_ber_goober_794935edfb,
sf_0036,semantic_fact,semantic_rewrite,final,True,sf_cand_0054,5ade271f5542992fa25da6f6,accepted,accepted_llm_verified,What type of institution is Central Michigan University and where is it located?,doc_central_michigan_university_aac0972f08,
sf_0037,semantic_fact,semantic_rewrite,final,True,sf_cand_0055,5ae7ee335542994a481bbe39,accepted,accepted_llm_verified,"What artists performed the dance song ""Main Tera Boyfriend""?",doc_main_tera_boyfriend_5da726cd0f,
sf_0038,semantic_fact,semantic_rewrite,final,True,sf_cand_0058,5ac47611554299204fd21f59,accepted,accepted_llm_verified,"Who founded the Order of Distinction, also known as the Nişan-i Imtiyaz, in the Ottoman Empire?",doc_order_of_distinction_ottoman_empire_61e465605e,
sf_0039,semantic_fact,semantic_rewrite,final,True,sf_cand_0060,5ab54d395542997d4ad1f0ee,accepted,accepted_llm_verified,Which 12 brands owned by Kraft Foods Inc earn more than $1 billion annually worldwide?,doc_kraft_foods_inc_0daa747dcf,
sf_0040,semantic_fact,semantic_rewrite,final,True,sf_cand_0061,5a74ddb65542996c70cfae22,accepted,accepted_llm_verified,"What is the release date of Loudon Wainwright III's twelfth studio album, History?",doc_history_loudon_wainwright_iii_album_c1e42af1c0,
sf_0041,semantic_fact,semantic_rewrite,final,True,sf_cand_0063,5ac51dc45542994611c8b3b2,accepted,accepted_llm_verified,How did the box office performance of 'Drunken Master' compare to that of Jackie Chan's previous film 'Snake in the Eagle's Shadow'?,doc_drunken_master_57c884bbec,
sf_0042,semantic_fact,semantic_rewrite,final,True,sf_cand_0064,5ab2cb52554299545a2cfa84,accepted,accepted_llm_verified,What geological materials surround the Ogallala Aquifer?,doc_ogallala_aquifer_7c17bb87ca,
sf_0043,semantic_fact,semantic_rewrite,final,True,sf_cand_0065,5abef8825542990832d3a110,accepted,accepted_llm_verified,What was the role of the RMS Olympic in the White Star Line's fleet of Olympic-class liners?,doc_rms_olympic_5233f77b29,
sf_0044,semantic_fact,semantic_rewrite,final,True,sf_cand_0067,5ac2a33a554299657fa28ff9,accepted,accepted_llm_verified,Where was Jovita Idár born?,doc_jovita_id_r_591689140d,
sf_0045,semantic_fact,semantic_rewrite,final,True,sf_cand_0068,5abd40585542993062266c3e,accepted,accepted_llm_verified,"What are the western and eastern boundaries of North Ridge, Accra?",doc_north_ridge_accra_37f478daa3,
sf_0046,semantic_fact,semantic_rewrite,final,True,sf_cand_0070,5ab72c6655429928e1fe382e,accepted,accepted_llm_verified,In which year and location was the American rock band Cave In formed?,doc_cave_in_e5f360c0e7,
sf_0047,semantic_fact,semantic_rewrite,final,True,sf_cand_0071,5a751ef55542993748c897c0,accepted,accepted_llm_verified,What was Jean-Pierre Haigneré's role in the CNES?,doc_jean_pierre_haigner_a09e893b9e,
sf_0048,semantic_fact,semantic_rewrite,final,True,sf_cand_0074,5ac3bdee5542993915413939,accepted,accepted_llm_verified,Which team selected Emil Molin in the 4th round (105th overall) of the 2011 NHL Entry Draft?,doc_emil_molin_c90e957ced,
sf_0049,semantic_fact,semantic_rewrite,final,True,sf_cand_0075,5ab82dc955429934fafe6d08,accepted,accepted_llm_verified,What is the purpose of the pansexual pride flag?,doc_pansexual_pride_flag_e7a123471b,
sf_0050,semantic_fact,semantic_rewrite,final,True,sf_cand_0076,5ac12e9755429964131be162,accepted,accepted_llm_verified,Which players did the Lakers acquire by trade and signing after the mentioned event?,doc_2015_16_los_angeles_lakers_season_59ba3dcbd7,
sf_0051,semantic_fact,semantic_rewrite,final,True,sf_cand_0077,5abbfa0c55429931dba14601,accepted,accepted_llm_verified,When did Henry T. Elrod enlist in the Marine Corps and when was he appointed a Marine second lieutenant?,doc_henry_t_elrod_6d1609e0ac,
sf_0052,semantic_fact,semantic_rewrite,final,True,sf_cand_0079,5abbd8c85542993f40c73be4,accepted,accepted_llm_verified,What is the name of the radio network that broadcasts Michael Medved's nationally syndicated talk show?,doc_michael_medved_a288613bd9,
sf_0053,semantic_fact,semantic_rewrite,final,True,sf_cand_0081,5ab7093d5542991d32223766,accepted,accepted_llm_verified,What role does Philip John Neville currently have with Sky Sports and what ownership position does he hold with Salford City?,doc_phil_neville_dc7fba3243,
sf_0054,semantic_fact,semantic_rewrite,final,True,sf_cand_0083,5ab3b08f554299753aec59a0,accepted,accepted_llm_verified,Which filmmaker duo shot the 1978 documentary about a termite colony in Kenya titled Mysterious Castles of Clay?,doc_mysterious_castles_of_clay_d3a90eb3ee,
sf_0055,semantic_fact,semantic_rewrite,final,True,sf_cand_0084,5a88e7e15542993b751ca8ce,accepted,accepted_llm_verified,What year did the British–Norwegian pop group A1 form?,doc_a1_band_982f417342,
sf_0056,semantic_fact,semantic_rewrite,final,True,sf_cand_0085,5ae0c6275542993d6555ec5c,accepted,accepted_llm_verified,Who discovered 527 Euryanthe and in what year was it discovered?,doc_527_euryanthe_36000d38e6,
sf_0057,semantic_fact,semantic_rewrite,final,True,sf_cand_0087,5ae4062655429970de88d864,accepted,accepted_llm_verified,"Which actor starred in the 1984 film adaptation of Bernard Malamud's baseball novel ""The Natural""?",doc_bernard_malamud_e71b06c3fa,
sf_0058,semantic_fact,semantic_rewrite,final,True,sf_cand_0088,5abaf3c85542996cc5e49f33,accepted,accepted_llm_verified,Which albums feature George Small's keyboard and piano work?,doc_george_small_musician_0e9fc1293f,
sf_0059,semantic_fact,semantic_rewrite,final,True,sf_cand_0089,5ade67545542997c77adee1c,accepted,accepted_llm_verified,Who composed the music for 'America the Beautiful' and where was he serving as a church organist and choirmaster?,doc_america_the_beautiful_cc16096eee,
sf_0060,semantic_fact,semantic_rewrite,final,True,sf_cand_0090,5a8b6af755429950cd6afce9,accepted,accepted_llm_verified,Where is Juliana Hatfield from?,doc_juliana_hatfield_550673a3bc,
mh_0001,multi_hop_relation,hotpot_relation_verified,final,True,mh_cand_0002,5ae29b595542992decbdcd4e,accepted,accepted_llm_verified,"Who was the director of an American epic space opera film that starred an actor born March 5, 1989?",doc_jake_lloyd_b53538479a|doc_star_wars_episode_i_the_phantom_menace_4eb3d26e9c,
mh_0002,multi_hop_relation,hotpot_relation_verified,final,True,mh_cand_0003,5ab2b2ed5542992953946822,accepted,accepted_llm_verified,"Who released his debut solo album after the group disbanded, Biff Byford or Shane Filan?",doc_biff_byford_ebf283a0f9|doc_shane_filan_dc86361e25,
mh_0003,multi_hop_relation,hotpot_relation_verified,final,True,mh_cand_0004,5ae41e9855429970de88d903,accepted,accepted_llm_verified,"""Medusa"" is the eighth episode of the second season from The CW television series ""Supergirl"", which aired on which date, the episode features a minor tie-in with the Arrowverse crossover event ""Invasion!""?",doc_invasion_arrowverse_4f4afef1e1|doc_medusa_supergirl_8d6e9a49b4,
mh_0004,multi_hop_relation,hotpot_relation_verified,final,True,mh_cand_0005,5ae534405542992663a4f15e,accepted,accepted_llm_verified,Whose orchestra accompanied the First Lady of Song and other singers in a 1967 television special?,doc_a_man_and_his_music_ella_jobim_b8bb9299c5|doc_ella_fitzgerald_bad225fa45,
mh_0005,multi_hop_relation,hotpot_relation_verified,final,True,mh_cand_0006,5ac29e33554299218029dac6,accepted,accepted_llm_verified,"What title did the mother of Archduke Charles, Duke of Teschen hold in Tuscany?",doc_archduke_charles_duke_of_teschen_e4b577dd5d|doc_maria_luisa_of_spain_df4d8f0b01,
mh_0006,multi_hop_relation,hotpot_relation_verified,final,True,mh_cand_0007,5a81d970554299676cceb0fc,accepted,accepted_llm_verified,Zooperstars features a clam dressed as a baseball player born in what year?,doc_sammy_sosa_b218c3cb30|doc_zooperstars_ad74029b17,
mh_0007,multi_hop_relation,hotpot_relation_verified,final,True,mh_cand_0009,5ade23b35542992fa25da6dd,accepted,accepted_llm_verified,The Rieder Automatic Rifle was a model made by the company that created firearms for the forces of what country?,doc_lee_enfield_5ac5394dab|doc_rieder_automatic_rifle_f3649dbc8d,
mh_0008,multi_hop_relation,hotpot_relation_verified,final,True,mh_cand_0011,5ab50a2b55429942dd415fe0,accepted,accepted_llm_verified,The History of Eric Clapton features him performing with what English rock band that was formed in London in 1963?,doc_the_history_of_eric_clapton_301c644a1b|doc_the_yardbirds_d4d65e0a39,
mh_0009,multi_hop_relation,hotpot_relation_verified,final,True,mh_cand_0014,5a8f91415542997ba9cb32cc,accepted,accepted_llm_verified,Marina Zueva was the coach for which Canadian World Champion ice dancer?,doc_marina_zueva_2079ca33fd|doc_tessa_virtue_77f5ad2a86,
mh_0010,multi_hop_relation,hotpot_relation_verified,final,True,mh_cand_0015,5a80b2b1554299485f5986c5,accepted,accepted_llm_verified,"The South Korean actress and model whose real name is Kim Soo-hyun, starred in an MBC show in 2016 that replaced which show?",doc_claudia_kim_2eb262810f|doc_monster_2016_tv_series_c0ee2eb78c,
mh_0011,multi_hop_relation,hotpot_relation_verified,final,True,mh_cand_0016,5ade0b575542995b365fabe6,accepted,accepted_llm_verified,"James Mangold, is an American film and television director, screenwriter and producer, films he has directed include Logan, an American epic neo-western superhero drama film, released in which year, and  produced by Marvel Entertainment?",doc_james_mangold_d0fd7694a9|doc_logan_film_0a29b47d99,
mh_0012,multi_hop_relation,hotpot_relation_verified,final,True,mh_cand_0018,5ade0cc35542990dbb2f7f36,accepted,accepted_llm_verified,Hafþór Júlíus Björnsson plays an HBO character who first appears in book form in what year?,doc_gregor_clegane_231a2ea674|doc_haf_r_j_l_us_bj_rnsson_1dfdd19b17,
mh_0013,multi_hop_relation,hotpot_relation_verified,final,True,mh_cand_0020,5ae7eb635542994a481bbe23,accepted,accepted_llm_verified,Racism without Racists was published by the house founded in what year?,doc_racism_without_racists_5becef9be7|doc_rowman_amp_littlefield_34ac74b325,
mh_0014,multi_hop_relation,hotpot_relation_verified,final,True,mh_cand_0021,5ab1f5d65542993be8fa9896,accepted,accepted_llm_verified,Which horrer television series aired on AMC on oct 18 2015 directed by the author of the secret diary of laura palmer?,doc_jennifer_lynch_0486ba4058|doc_jss_the_walking_dead_b723f39b46,
mh_0015,multi_hop_relation,hotpot_relation_verified,final,True,mh_cand_0022,5a7da2e55542990b8f5039dd,accepted,accepted_llm_verified,"What was the population in 2011 of the city that St Mary's Church, Lower Ince is in?",doc_st_mary_s_church_lower_ince_1a454a5d0f|doc_wigan_026155ab85,
mh_0016,multi_hop_relation,hotpot_relation_verified,final,True,mh_cand_0023,5a87e43255429938390d3e9d,accepted,accepted_llm_verified,"Which character does Kristen Schaal play in the American animated sitcom ""Bob's Burgers""?",doc_bob_s_burgers_season_1_2886b13165|doc_kristen_schaal_f698c7bf42,
mh_0017,multi_hop_relation,hotpot_relation_verified,final,True,mh_cand_0024,5a77a99a5542995d8318125a,accepted,accepted_llm_verified,What is the name of the Austro-Hungarian general and historian from the province straddling the southern border of the Habsburg Monarchy?,doc_emil_vojnovi_b6376bd08f|doc_military_frontier_664c3d164c,
mh_0018,multi_hop_relation,hotpot_relation_verified,final,True,mh_cand_0026,5a87a0b45542996e4f30888b,accepted,accepted_llm_verified,What was the person who had a sidekick who the hosted nationally televised talent competition?,doc_ed_mcmahon_6eefc46928|doc_geechy_guy_c51fa0fbdb,
mh_0019,multi_hop_relation,hotpot_relation_verified,final,True,mh_cand_0028,5a8a67b555429970aeb702cf,accepted,accepted_llm_verified,What disease was Kyle Broflovski infected with by one of his three friends?,doc_kyle_broflovski_3f10dd756a|doc_tonsil_trouble_61639412c6,
mh_0020,multi_hop_relation,hotpot_relation_verified,final,True,mh_cand_0029,5abcd2ee5542993a06baf976,accepted,accepted_llm_verified,When was the Rihanna's single co-written by Takura Tendayi realeased?,doc_takura_a50409d813|doc_wait_your_turn_4bac5bdf45,
mh_0021,multi_hop_relation,hotpot_relation_verified,final,True,mh_cand_0030,5ae139a955429901ffe4ae0d,accepted,accepted_llm_verified,Richard Siward resided at the castle just outside what Scottish town?,doc_kellie_castle_f77ea1551e|doc_richard_siward_d_1311_03d3cbc566,
mh_0022,multi_hop_relation,hotpot_relation_verified,final,True,mh_cand_0032,5ae73f805542991e8301cc3d,accepted,accepted_llm_verified,What company published Bop magazine?,doc_bop_magazine_9850f6ceb7|doc_tiger_beat_7c48346649,
mh_0023,multi_hop_relation,hotpot_relation_verified,final,True,mh_cand_0034,5ae7ed935542993210983fc1,accepted,accepted_llm_verified,"In what year was the actor who was starred in ""Mogambo"" with Ave Gardner and Grace Kelly born?",doc_clark_gable_c21c8b6ddb|doc_mogambo_39cac44431,
mh_0024,multi_hop_relation,hotpot_relation_verified,final,True,mh_cand_0036,5a7dcf765542990b8f503ac0,accepted,accepted_llm_verified,"Olivia Newton-John's song Magic was displaced from the top by Sailing, which is by what American singer-songwriter from San Antonio, Texas?",doc_christopher_cross_1b85d85051|doc_magic_olivia_newton_john_song_8b25652ed7,
mh_0025,multi_hop_relation,hotpot_relation_verified,final,True,mh_cand_0037,5a7cf29c55429909bec768b9,accepted,accepted_llm_verified,The Mann Center for the Performing Arts presened what American singer-songwriter born in 1972?,doc_jill_scott_a56b6c606d|doc_mann_center_for_the_performing_arts_7a5d4d4da0,
mh_0026,multi_hop_relation,hotpot_relation_verified,final,True,mh_cand_0038,5adbd9fc5542996e6852525b,accepted,accepted_llm_verified,"The star of the series ""Gloria"" also did voice acting for which Disney animated series?",doc_gloria_tv_series_9f71b3a201|doc_sally_struthers_8506e49b8e,
mh_0027,multi_hop_relation,hotpot_relation_verified,final,True,mh_cand_0039,5ade0c9d5542995b365fabea,accepted,accepted_llm_verified,While in exile in Argentina Lorenzo Luzuriaga translated several works by a philosopher that died in what year?,doc_john_dewey_db149c4fca|doc_lorenzo_luzuriaga_a5f4d01ab4,
mh_0028,multi_hop_relation,hotpot_relation_verified,final,True,mh_cand_0040,5abbe0bf554299642a094b99,accepted,accepted_llm_verified,In what year did the American public-benefit company based in New York help crowd fund a Hidden Path Entertainment tower defense game?,doc_defense_grid_2_7ebc44099c|doc_kickstarter_893e5d1b0f,
mh_0029,multi_hop_relation,hotpot_relation_verified,final,True,mh_cand_0042,5a8cda33554299585d9e3744,accepted,accepted_llm_verified,What league ranks higher than the one that Lewis Wing plays in?,doc_efl_championship_b1e8712a20|doc_lewis_wing_0c8c37a33b,
mh_0030,multi_hop_relation,hotpot_relation_verified,final,True,mh_cand_0043,5ae3bc4d5542992e3233c467,accepted,accepted_llm_verified,"Roger Taylor and Alicia Molik, have which occupation in common?",doc_alicia_molik_72a2937bac|doc_roger_taylor_tennis_c81f31a966,
mh_0031,multi_hop_relation,hotpot_relation_verified,final,True,mh_cand_0044,5a77bd195542992a6e59dfa8,accepted,accepted_llm_verified,Which sprinter won the 80 hurdles at the 1667 Mediterranean games in Tunisia?,doc_1967_mediterranean_games_2f99907182|doc_carla_panerai_ef9952a14b,
mh_0032,multi_hop_relation,hotpot_relation_verified,final,True,mh_cand_0045,5ab6a77055429953192ad353,accepted,accepted_llm_verified,What professional ice hockey team in the National Hockey League (NHL) selected Denis Carufel in the tenth round (162nd overall) of the 1974 NHL Amateur Draft?,doc_denis_carufel_3b03152739|doc_kansas_city_scouts_e1f7ce11fc,
mh_0033,multi_hop_relation,hotpot_relation_verified,final,True,mh_cand_0047,5ae78a7f5542997ec272769b,accepted,accepted_llm_verified,The final stretch of the 2015 Chilean telethon was held at a stadium that has an official capacity of how much?,doc_2015_chilean_telethon_8fc8b250ea|doc_estadio_nacional_julio_mart_nez_pr_danos_855d5d32b2,
mh_0034,multi_hop_relation,hotpot_relation_verified,final,True,mh_cand_0048,5a773d5c55429966f1a36cc3,accepted,accepted_llm_verified,"Which of the members of the trio 3rdeyegirl, stylized as 3RDEYEGIRL, was a drummer and vocalist from Louisville, Kentucky?",doc_3rdeyegirl_a92a90483e|doc_hannah_welton_a0e430605b,
mh_0035,multi_hop_relation,hotpot_relation_verified,final,True,mh_cand_0049,5a7f99ac55429969796c1add,accepted,accepted_llm_verified,Which alcoholic brand named after the man who rebuilt its business did Justin Timberlake sing about in 2015?,doc_drink_you_away_099fcc3370|doc_jim_beam_7fda221690,
mh_0036,multi_hop_relation,hotpot_relation_verified,final,True,mh_cand_0050,5a8c77de554299653c1aa082,accepted,accepted_llm_verified,Thomas Seller Wallace was shot in the chest by one of the fugitives in the incident on the outskirts of this town located how far west of Calgary?,doc_banff_alberta_6ca2396ef1|doc_thomas_seller_wallace_92a78555ac,
mh_0037,multi_hop_relation,hotpot_relation_verified,final,True,mh_cand_0052,5add33525542994ed6169cd3,accepted,accepted_llm_verified,"Who was the first editor of the magazine in which ""The Gingerbread Man"" was published?",doc_st_nicholas_magazine_82d161ad7e|doc_the_ginger_bread_boy_55d0d40614,
mh_0038,multi_hop_relation,hotpot_relation_verified,final,True,mh_cand_0053,5ac2da0d55429921a00ab074,accepted,accepted_llm_verified,"Who was the director of the 2002 motion picture drama which featured John Hiatt's ""Slow Turning""?",doc_slow_turning_303ec1d77b|doc_the_rookie_2002_film_fcd483e5e1,
mh_0039,multi_hop_relation,hotpot_relation_verified,final,True,mh_cand_0055,5a7c31325542990527d55474,accepted,accepted_llm_verified,Little Leaper and the world's oldest rollercoaster are attractions at Lakemont Park in which U.S. state?,doc_lakemont_park_378ae49765|doc_little_leaper_e1d4fdc549,
mh_0040,multi_hop_relation,hotpot_relation_verified,final,True,mh_cand_0056,5a8a698255429930ff3c0dcf,accepted,accepted_llm_verified,In what year was the company that co-developed and distributed the BlackBerry DTEK60 founded?,doc_blackberry_dtek60_f42b2e7ace|doc_blackberry_limited_76655c5a66,
mh_0041,multi_hop_relation,hotpot_relation_verified,final,True,mh_cand_0057,5ab269a85542993be8fa990c,accepted,accepted_llm_verified,"No More Mr. Nice Guy features what American country music singer who wrote for Montomery Gentry and Tim McGraw, and was born when?",doc_jeffrey_steele_d5fe9da7ee|doc_no_more_mr_nice_guy_steve_wariner_album_9811db533f,
mh_0042,multi_hop_relation,hotpot_relation_verified,final,True,mh_cand_0058,5ae52d335542990ba0bbb1e8,accepted,accepted_llm_verified,Who directed the 2014 film in which Isobelle Molloy had her film debut?,doc_isobelle_molloy_b46edca521|doc_maleficent_film_bcdacef78a,
mh_0043,multi_hop_relation,hotpot_relation_verified,final,True,mh_cand_0060,5ab28e3f554299722f9b4d5a,accepted,accepted_llm_verified,How many members are in the Party that Jack Eddington is a member of as of October 2010?,doc_independence_party_of_new_york_873c8a9d16|doc_jack_eddington_0ebc0f435b,
mh_0044,multi_hop_relation,hotpot_relation_verified,final,True,mh_cand_0061,5a8006265542992097ad2fce,accepted,accepted_llm_verified,"What actress appeared on ""The Sing-Off"" before her role in the film directed and co-produced by Elizabeth Banks?",doc_kelley_jakle_d5ad54702d|doc_pitch_perfect_2_4ef0fa5623,
mh_0045,multi_hop_relation,hotpot_relation_verified,final,True,mh_cand_0062,5ac494b15542997ea680ca89,accepted,accepted_llm_verified,"What is the author of the upcoming 2017 epic fantasy novel, ""Oathbringer"", best known for?",doc_brandon_sanderson_7ab46d1810|doc_oathbringer_dddb8bd8d1,
mh_0046,multi_hop_relation,hotpot_relation_verified,final,True,mh_cand_0064,5ae687635542996d980e7be6,accepted,accepted_llm_verified,Who directed the 2015 film in which Alia Shawkat plays Gertie Michaels?,doc_alia_shawkat_4739f7a9a5|doc_the_final_girls_2d749bafdb,
mh_0047,multi_hop_relation,hotpot_relation_verified,final,True,mh_cand_0065,5ae838335542997ec272777a,accepted,accepted_llm_verified,"Who directed Revolver, the 2005 crime thriller starring the English actor Jason Statham?",doc_jason_statham_c049858b8e|doc_revolver_2005_film_5de704ec1f,
mh_0048,multi_hop_relation,hotpot_relation_verified,final,True,mh_cand_0067,5ac077655542996f0d89cbe4,accepted,accepted_llm_verified,"The Blink-182 song ""Ghost on the Dance Floor"" was speculated to be inspired by the death of a DJ that died in what year?",doc_dj_am_b895bec053|doc_ghost_on_the_dance_floor_d3d49dfac0,
mh_0049,multi_hop_relation,hotpot_relation_verified,final,True,mh_cand_0069,5a8113d455429938b61422ac,accepted,accepted_llm_verified,"What multi-purpose arena in Southaven, Mississippi is the home of the Memphis Hustle and the Mississippi RiverKings?",doc_landers_center_3ab76f4674|doc_memphis_hustle_cb84e604f6,
mh_0050,multi_hop_relation,hotpot_relation_verified,final,True,mh_cand_0070,5ac3f83b554299204fd21ee5,accepted,accepted_llm_verified,"Grinderman and DIIV, are bands of which mutual genre?",doc_diiv_58473c83c8|doc_grinderman_7a8e0f027f,
mh_0051,multi_hop_relation,hotpot_relation_verified,final,True,mh_cand_0071,5ac194dc5542994ab5c67d85,accepted,accepted_llm_verified,"The Mitchell County School District is a public school district in Mitchell County, Georgia, based in Camilla, a city in Mitchell County, Georgia, and is its county seat, is in which country?",doc_camilla_georgia_e33949341c|doc_mitchell_county_school_district_778a1f1eeb,
mh_0052,multi_hop_relation,hotpot_relation_verified,final,True,mh_cand_0074,5a876e5b5542996e4f3087ee,accepted,accepted_llm_verified,Which cast member of Exit 57 also appears on BoJack Horseman ?,doc_amy_sedaris_aadf1f5842|doc_exit_57_21c5b0ed82,
mh_0053,multi_hop_relation,hotpot_relation_verified,final,True,mh_cand_0075,5a8f4e525542992414482a2f,accepted,accepted_llm_verified,"What area of Hong Kong is in the northern part of Mong Kok, where the north end of Canton Road terminates?",doc_canton_road_7ef6e0149a|doc_mong_kok_8971576aad,
mh_0054,multi_hop_relation,hotpot_relation_verified,final,True,mh_cand_0078,5ae753715542997b22f6a6d9,accepted,accepted_llm_verified,40 Pounds of Trouble is a retelling of the story by the newspaperman of what nationality?,doc_40_pounds_of_trouble_c7fc92179a|doc_damon_runyon_8e14f425a1,
mh_0055,multi_hop_relation,hotpot_relation_verified,final,True,mh_cand_0081,5ae69eac5542996d980e7c63,accepted,accepted_llm_verified,Which rock music fusion genre is adopted by Christian metal band Embodyment on their fourth album?,doc_alternative_metal_63537f4935|doc_songs_for_the_living_20ba070019,
mh_0056,multi_hop_relation,hotpot_relation_verified,final,True,mh_cand_0084,5ab5aad65542992aa134a37c,accepted,accepted_llm_verified,What Italian pop music duo stared in the 1968 film L'oro del mondo directed by Aldo Grimaldi?,doc_al_bano_and_romina_power_8e0c7aa450|doc_l_oro_del_mondo_1f90cf492c,
mh_0057,multi_hop_relation,hotpot_relation_verified,final,True,mh_cand_0085,5ae0c13a5542993d6555ec40,accepted,accepted_llm_verified,What is the area code of the British Overseas Territory in the Caribbean?,doc_area_code_284_4017c35680|doc_british_virgin_islands_1fc1b5b29c,
mh_0058,multi_hop_relation,hotpot_relation_verified,final,True,mh_cand_0087,5ae212d4554299495565d9e0,accepted,accepted_llm_verified,"The first major project for the Roller Coaster Corporation of America was renamed, and is now called what?",doc_iron_rattler_1de2147b7f|doc_roller_coaster_corporation_of_america_dbcc0b9700,
mh_0059,multi_hop_relation,hotpot_relation_verified,final,True,mh_cand_0089,5adf353e5542993a75d26426,accepted,accepted_llm_verified,Where did Kent Patterson play his home games until he became a free agent?,doc_kent_patterson_454e0d85ef|doc_wichita_thunder_ff5357fd36,
mh_0060,multi_hop_relation,hotpot_relation_verified,final,True,mh_cand_0090,5abdb12e55429965af743dcb,accepted,accepted_llm_verified,Li Fanghua is an editor of what peer reviewed journal of physics?,doc_chinese_journal_of_physics_75e5132659|doc_li_fanghua_4a2e40951e,
ex_title_0001,exact_file_lookup,title_anchor,final,True,ex_title_cand_0001,5ae14cfe55429920d52343bf,accepted,accepted_llm_verified,"In the ""Apollo Creed"" document, what title did the character portrayed by Carl Weathers hold in the Rocky films?",doc_apollo_creed_1417ad5f58,
ex_title_0002,exact_file_lookup,title_anchor,final,True,ex_title_cand_0002,5ae09c3c5542993d6555ebb9,accepted,accepted_llm_verified,"In the ""The Hudson Independent"" document, what village in the town of Greenburgh is served by the monthly newspaper?",doc_the_hudson_independent_ad831bd22e,
ex_title_0003,exact_file_lookup,title_anchor,final,True,ex_title_cand_0003,5ae84a685542997ec272779a,accepted,accepted_llm_verified,"In the ""Krista Detor"" document, what is the name of the BBC presenter who featured Krista Detor's music?",doc_krista_detor_30ad95fad3,
ex_title_0004,exact_file_lookup,title_anchor,final,True,ex_title_cand_0004,5ac3bbc6554299391541390f,accepted,accepted_llm_verified,"In the ""...And Justice for All (album)"" document, what is the name of the bassist who first appeared on this Metallica studio album following the death of Cliff Burton?",doc_and_justice_for_all_album_af1d4f608e,
ex_title_0005,exact_file_lookup,title_anchor,final,True,ex_title_cand_0005,5ae3097255429928c42395b7,accepted,accepted_llm_verified,"In the ""Kurt Fearnley"" document, what is the full name of the Australian wheelchair racer who won gold medals at the Paralympic Games and crawled the Kokoda Track?",doc_kurt_fearnley_94e53fd1b1,
ex_title_0006,exact_file_lookup,title_anchor,final,True,ex_title_cand_0006,5a8999d95542993b751ca957,accepted,accepted_llm_verified,"In the ""Nelson DeMille"" document, what is the full name and profession of the author associated with the novel ""Plum Island""?",doc_nelson_demille_9ffe40f2d7,
ex_title_0007,exact_file_lookup,title_anchor,final,True,ex_title_cand_0009,5adceff95542992c1e3a24c4,accepted,accepted_llm_verified,"In the ""Frederick the Great"" document, what title did Frederick hold as the last ruler before declaring himself King of Prussia?",doc_frederick_the_great_3d81601b9c,
ex_title_0008,exact_file_lookup,title_anchor,final,True,ex_title_cand_0010,5ae7bd445542994a481bbdca,accepted,accepted_llm_verified,"In the ""The Marathon (mixtape)"" document, what is the name of the mixtape by American rapper Nipsey Hussle?",doc_the_marathon_mixtape_62122f466a,
ex_title_0009,exact_file_lookup,title_anchor,final,True,ex_title_cand_0011,5addd5ef5542990dbb2f7ea2,accepted,accepted_llm_verified,"In the ""Recluse spider"" document, what family are recluse spiders now identified as members of?",doc_recluse_spider_c9db7a8f0e,
ex_title_0010,exact_file_lookup,title_anchor,final,True,ex_title_cand_0013,5ac26f735542992f1f2b38c7,accepted,accepted_llm_verified,"In the ""Heaven's a Lie"" document, what is the name of the leading vocalist who explained the meaning of the song in an interview with HighWireDaze.com?",doc_heaven_s_a_lie_fd39e3e35d,
ex_title_0011,exact_file_lookup,title_anchor,final,True,ex_title_cand_0014,5a8034d9554299485f59858b,accepted,accepted_llm_verified,"In the ""Nada Surf"" document, what is the full lineup of band members currently in Nada Surf?",doc_nada_surf_b39c500d30,
ex_title_0012,exact_file_lookup,title_anchor,final,True,ex_title_cand_0015,5a847a8a5542992ef85e2412,accepted,accepted_llm_verified,"In the ""Killer Pad"" document, what is the name of the 2008 comedy/horror film directed by Robert Englund and starring Daniel Franzese, Eric Jungmann, and Shane McRae?",doc_killer_pad_b6020a4c8a,
ex_title_0013,exact_file_lookup,title_anchor,final,True,ex_title_cand_0017,5a78acf05542990784727729,accepted,accepted_llm_verified,"In the ""Sahil Vaid"" document, what was the first movie in the franchise that Sahil Vaid appeared in?",doc_sahil_vaid_22fd85d979,
ex_title_0014,exact_file_lookup,title_anchor,final,True,ex_title_cand_0018,5ab25256554299449642c875,accepted,accepted_llm_verified,"In the ""Hani (singer)"" document, what is the stage name of Ahn Hee-yeon?",doc_hani_singer_cf39ea6911,
ex_title_0015,exact_file_lookup,title_anchor,final,True,ex_title_cand_0022,5a83876c5542992ef85e22de,accepted,accepted_llm_verified,"In the ""Fruit Bowl"" document, what location was Kezar Stadium, the venue for the post-season college football bowl game, situated in?",doc_fruit_bowl_862c8f6355,
ex_title_0016,exact_file_lookup,title_anchor,final,True,ex_title_cand_0025,5ae72ba35542991e8301cb83,accepted,accepted_llm_verified,"In the ""Morphett Vale, South Australia"" document, what is the land area of the suburb?",doc_morphett_vale_south_australia_0e09b47b49,
ex_title_0017,exact_file_lookup,title_anchor,final,True,ex_title_cand_0026,5a8362ee5542992ef85e22a4,accepted,accepted_llm_verified,"In the ""John Stewart Kennedy"" document, who was a member of the Jekyll Island Club alongside John Stewart Kennedy and is also associated with Standard Oil?",doc_john_stewart_kennedy_d51ed57955,
ex_title_0018,exact_file_lookup,title_anchor,final,True,ex_title_cand_0027,5a78c57e55429970f5fffd7a,accepted,accepted_llm_verified,"In the ""Alfred Santell"" document, what is the birth date of Alfred Santell?",doc_alfred_santell_447a6b9c8e,
ex_title_0019,exact_file_lookup,title_anchor,final,True,ex_title_cand_0028,5a8b6b5455429950cd6afceb,accepted,accepted_llm_verified,"In the ""Nikka Whisky Distilling"" document, what is the headquarters location of the producer of Japanese whisky?",doc_nikka_whisky_distilling_71ace65785,
ex_title_0020,exact_file_lookup,title_anchor,final,True,ex_title_cand_0029,5ae159565542990adbacf762,accepted,accepted_llm_verified,"In the ""Padmanav Bordoloi"" document, what Indian state are both Padmanav Bordoloi and Papon from?",doc_padmanav_bordoloi_1569eb406d,
ex_date_0001,exact_file_lookup,date_number_lookup,final,True,ex_date_cand_0001,5ac38516554299741d48a273,accepted,accepted_llm_verified,"Which document mentions December 15, 2016 as the date when the 29th Chicago Film Critics Association Awards were announced?",doc_chicago_film_critics_association_awards_2016_e2f8922253,
ex_date_0002,exact_file_lookup,date_number_lookup,final,True,ex_date_cand_0002,5ae12d10554299422ee9961c,accepted,accepted_llm_verified,"Which document mentions a person born on March 23, 1902 who had political battles with George Roby Dempster?",doc_cas_walker_511c532b9a,
ex_date_0003,exact_file_lookup,date_number_lookup,final,True,ex_date_cand_0003,5a74576755429979e2882911,accepted,accepted_llm_verified,"Which document mentions ""1789"" and describes a song written by Leonard McNally with music by James Hook?",doc_the_lass_of_richmond_hill_eef4afd8ec,
ex_date_0004,exact_file_lookup,date_number_lookup,final,True,ex_date_cand_0004,5a8a11a35542992e4fca84ee,accepted,accepted_llm_verified,"Which document mentions ""1907"" and a history of St. Joseph County?",doc_timothy_edward_howard_99231da97f,
ex_date_0005,exact_file_lookup,date_number_lookup,final,True,ex_date_cand_0005,5ae322655542994393b9e61f,accepted,accepted_llm_verified,Which document mentions a crime novel published in 1969 featuring the character Tom Hagen?,doc_the_godfather_novel_fc28ebea3b,
ex_date_0006,exact_file_lookup,date_number_lookup,final,True,ex_date_cand_0006,5ab98e00554299753720f830,accepted,accepted_llm_verified,Which document mentions the 2001 American mystery horror film directed by the Hughes brothers?,doc_from_hell_film_b81bd094f5,
ex_date_0007,exact_file_lookup,date_number_lookup,final,True,ex_date_cand_0007,5a7b21a1554299042af8f6f9,accepted,accepted_llm_verified,"Which document mentions ""April 6, 1972"" in the record of the co-founder of MX Digital who starred on The Wonder Years?",doc_jason_hervey_20d8239ecb,
ex_date_0008,exact_file_lookup,date_number_lookup,final,True,ex_date_cand_0009,5aded1a85542993344016ba3,accepted,accepted_llm_verified,Which document mentions 40 species for a genus in the family Lamiaceae?,doc_lamium_2689cf6952,
ex_date_0009,exact_file_lookup,date_number_lookup,final,True,ex_date_cand_0010,5a7a58675542990783324f1f,accepted,accepted_llm_verified,"Which document mentions ""12 September 1834"" and describes a great grandniece of Kamehameha I who was a great granddaughter of Kalokuokamaile, the older brother of Kamehameha I, founder of the Kingdom of Hawaii?",doc_elizabeth_kekaaniau_e4ff7b5363,
ex_date_0010,exact_file_lookup,date_number_lookup,final,True,ex_date_cand_0011,5a78e760554299029c4b5ed4,accepted,accepted_llm_verified,"Which document contains the record of the South African writer, political activist and recipient of the 1991 Nobel Prize in Literature who died on 13 July 2014?",doc_nadine_gordimer_8c64d2fc2a,
ex_date_0011,exact_file_lookup,date_number_lookup,final,True,ex_date_cand_0012,5ac3a5fe554299391541387f,accepted,accepted_llm_verified,"Which document mentions September 18, 1978 and contains information about the nationality of the comedian and actor who co-starred in Difficult People?",doc_billy_eichner_6f189afe28,
ex_date_0012,exact_file_lookup,date_number_lookup,final,True,ex_date_cand_0014,5ac266ff5542992f1f2b38b3,accepted,accepted_llm_verified,"Which document mentions April 2, 1842, and describes an Italian adolescent student of Saint John Bosco?",doc_dominic_savio_d883c6c80a,
ex_date_0013,exact_file_lookup,date_number_lookup,final,True,ex_date_cand_0015,5a78a4315542990784727704,accepted,accepted_llm_verified,"Which document mentions exit 17 and describes the location of Route 495 in Hudson County, New Jersey?",doc_new_jersey_route_495_698ee7b2a6,
ex_date_0014,exact_file_lookup,date_number_lookup,final,True,ex_date_cand_0016,5a8eda6b55429917b4a5bde1,accepted,accepted_llm_verified,Which document mentions an actor from a 1962 film who also appeared in The Parent Trap?,doc_moon_pilot_59e018a30c,
ex_date_0015,exact_file_lookup,date_number_lookup,final,True,ex_date_cand_0021,5ac300f1554299218029dbb6,accepted,accepted_llm_verified,"Which document mentions ""2"" in the context of a 2011 American computer-animated action comedy spy film produced by Pixar Animation Studios for Walt Disney Pictures?",doc_cars_2_0ead5c70b1,
ex_date_0016,exact_file_lookup,date_number_lookup,final,True,ex_date_cand_0024,5ab238af554299340b52549e,accepted,accepted_llm_verified,"Which document mentions ""1964"" and describes a British comedy film directed by Duncan Wood?",doc_the_bargee_1679af0316,
ex_date_0017,exact_file_lookup,date_number_lookup,final,True,ex_date_cand_0025,5a7defcd5542990b8f503afb,accepted,accepted_llm_verified,"Which document mentions the rank 23 for the lead single from the album ""Women in Technology"" in the United States?",doc_white_town_d370c1969d,
ex_date_0018,exact_file_lookup,date_number_lookup,final,True,ex_date_cand_0027,5a79e421554299029c4b5f82,accepted,accepted_llm_verified,"Which document mentions February 24, 1953 and states that the person is a musician?",doc_derek_st_holmes_f2a09ceb63,
ex_date_0019,exact_file_lookup,date_number_lookup,final,True,ex_date_cand_0028,5a7aa6645542992d025e66db,accepted,accepted_llm_verified,"Which document mentions ""1960"" and states that a cinematographer is best known for a 2016 film directed by which director?",doc_giles_nuttgens_5725f509c0,
ex_date_0020,exact_file_lookup,date_number_lookup,final,True,ex_date_cand_0029,5ac3c69d554299204fd21e51,accepted,accepted_llm_verified,"Which document mentions ""1881"" and describes a Hungarian folk opera with spoken dialogue and songs?",doc_h_ry_j_nos_5eafdaa3d6,
ex_phrase_0001,exact_file_lookup,exact_phrase_lookup,final,True,ex_phrase_cand_0001,5a8acd085542995153361385,accepted,accepted_llm_verified,"Which document contains the exact phrase ""NDOORS Corporation."" and describes a free-to-play 3D tactical massively multiplayer online role-playing game?",doc_atlantica_online_ecc5a0101c,
ex_phrase_0002,exact_file_lookup,exact_phrase_lookup,final,True,ex_phrase_cand_0008,5ae6a8a75542995703ce8b82,accepted,accepted_llm_verified,"Which document contains the exact phrase ""General Dynamics Armament Systems"" and mentions its former name, Saco Defense?",doc_saco_maine_ccbc57c916,
ex_phrase_0003,exact_file_lookup,exact_phrase_lookup,final,True,ex_phrase_cand_0009,5add4fb95542997545bbbd2e,accepted,accepted_llm_verified,"Which document contains the exact phrase ""Billboard Hot"" and mentions a Nine Inch Nails song that peaked at number 31 on the chart?",doc_the_hand_that_feeds_c1e4dec470,
ex_phrase_0004,exact_file_lookup,exact_phrase_lookup,final,True,ex_phrase_cand_0010,5ac289b45542992f1f2b38f0,accepted,accepted_llm_verified,"Which document contains the exact phrase ""Jonathan Mark Howson"" and states that he plays as a central midfielder for Middlesbrough in the Championship?",doc_jonny_howson_79b574f1dc,
ex_phrase_0005,exact_file_lookup,exact_phrase_lookup,final,True,ex_phrase_cand_0011,5a8386b3554299123d8c2147,accepted,accepted_llm_verified,"Which document contains the exact phrase ""Rare Day and"" and describes a British documentary television programme broadcast on Channel 4?",doc_big_ballet_6abbbe6de3,
ex_phrase_0006,exact_file_lookup,exact_phrase_lookup,final,True,ex_phrase_cand_0012,5a79d9e55542994f819ef0cf,accepted,accepted_llm_verified,"Which document contains the exact phrase ""Two World Wars and One World"" and describes a football song sung by supporters of the England national football team to the tune of ""Camptown Races"" as part of the England–Germany football rivalry?",doc_two_world_wars_and_one_world_cup_778e2eb388,
ex_phrase_0007,exact_file_lookup,exact_phrase_lookup,final,True,ex_phrase_cand_0013,5a7b53a95542995eb53be919,accepted,accepted_llm_verified,"Which document contains the exact phrase ""Louis Theroux."" and describes the series of documentary films he created?",doc_when_louis_met_6585229b65,
ex_phrase_0008,exact_file_lookup,exact_phrase_lookup,final,True,ex_phrase_cand_0014,5a8d9e91554299441c6ba016,accepted,accepted_llm_verified,"Which document contains the exact phrase ""Joseph and Meaghan Oppenheimer"" and describes a 2015 drama film directed by Max Joseph?",doc_we_are_your_friends_film_d30c613a57,
ex_phrase_0009,exact_file_lookup,exact_phrase_lookup,final,True,ex_phrase_cand_0016,5ae0b88c55429924de1b7142,accepted,accepted_llm_verified,"Which document contains the exact phrase ""Senior Adviser and Counsel"" and describes the individual who served in that role for Hillary Clinton's 2008 presidential campaign?",doc_cheryl_mills_113a1039d4,
ex_phrase_0010,exact_file_lookup,exact_phrase_lookup,final,True,ex_phrase_cand_0019,5a823f3055429940e5e1a80d,accepted,accepted_llm_verified,"Which document contains the exact phrase ""The Place Beyond the Pines"" and mentions Dane William DeHaan's role in a 2012 film?",doc_dane_dehaan_68815e5fe1,
ex_phrase_0011,exact_file_lookup,exact_phrase_lookup,final,True,ex_phrase_cand_0020,5a7a639f55429941d65f260d,accepted,accepted_llm_verified,"Which document contains the exact phrase ""Frew Donald McMillan"" and mentions his birth date?",doc_frew_mcmillan_d1ba360609,
ex_phrase_0012,exact_file_lookup,exact_phrase_lookup,final,True,ex_phrase_cand_0021,5a8483705542992ef85e2415,accepted,accepted_llm_verified,"Which document contains the exact phrase ""Park Hae-jin and Kang So-ra."" and lists a South Korean actor from the television series starring Lee Jong-suk who also had a leading role in the movie ""Man to Man""?",doc_doctor_stranger_ec0b207197,
ex_phrase_0013,exact_file_lookup,exact_phrase_lookup,final,True,ex_phrase_cand_0022,5ab94b11554299743d22eac9,accepted,accepted_llm_verified,"Which document contains the exact phrase ""Region of Southern Denmark"" and describes a town on the Jutland peninsula with a population of 1,465 as of 1 January 2014?",doc_bredebro_148a0b91f6,
ex_phrase_0014,exact_file_lookup,exact_phrase_lookup,final,True,ex_phrase_cand_0023,5a8779dc5542994846c1cd8c,accepted,accepted_llm_verified,"Which document contains the exact phrase ""The Children of Lir"" and describes the debut album genre of Loudest Whisper?",doc_the_children_of_lir_loudest_whisper_album_8156b5ad2a,
ex_phrase_0015,exact_file_lookup,exact_phrase_lookup,final,True,ex_phrase_cand_0024,5a8ce09b554299585d9e374e,accepted,accepted_llm_verified,"Which document contains the exact phrase ""Commonwealth of Nations"" and states that the use of English in most member countries was inherited from British colonisation?",doc_english_in_the_commonwealth_of_nations_7c3859ae9d,
ex_phrase_0016,exact_file_lookup,exact_phrase_lookup,final,True,ex_phrase_cand_0026,5a7cac4755429907fabeeffc,accepted,accepted_llm_verified,"Which document contains the exact phrase ""Pennsylvania Railroad."" and states that the Shenandoah Valley Railroad had considerable backing from this entity?",doc_shenandoah_valley_railroad_1867_90_20de85db0c,
ex_phrase_0017,exact_file_lookup,exact_phrase_lookup,final,True,ex_phrase_cand_0027,5ae1ac6b554299492dc91b61,accepted,accepted_llm_verified,"Which document contains the exact phrase ""Cargo of Innocents"" and mentions the film's director?",doc_stand_by_for_action_a3f17b92e1,
ex_phrase_0018,exact_file_lookup,exact_phrase_lookup,final,True,ex_phrase_cand_0028,5a84dbe05542991dd0999e00,accepted,accepted_llm_verified,"Which document contains the exact phrase ""Patient Privacy Rights"" and mentions an award named after a Supreme Court associate justice?",doc_brandeis_award_privacy_419ed54836,
ex_phrase_0019,exact_file_lookup,exact_phrase_lookup,final,True,ex_phrase_cand_0029,5a8f557355429918e830d1f8,accepted,accepted_llm_verified,"Which document contains the exact phrase ""Warhammer Fantasy"" and describes Sylvania as a fictional land of dark forests home to vampires, ghouls, and other beings?",doc_sylvania_warhammer_c124494687,
ex_phrase_0020,exact_file_lookup,exact_phrase_lookup,final,True,ex_phrase_cand_0030,5ab413e55542996a3a969f1b,accepted,accepted_llm_verified,"Which document contains the exact phrase ""Starring Brooks"" and mentions the American actor, businessman, and animal welfare advocate known for playing Tom Bradford in ""Eight Is Enough""?",doc_spaceballs_d5f75cddd8,
